date,nav,regime,n_positions
2018-01-02,100000.0,unknown,0
2018-01-03,100000.0,unknown,0
2018-01-04,100000.0,unknown,0
2018-01-05,100000.0,unknown,0
2018-01-08,100000.0,unknown,0
2018-01-09,100000.0,unknown,0
2018-01-10,100000.0,unknown,0
2018-01-11,100000.0,unknown,0
2018-01-12,100000.0,unknown,0
2018-01-16,100000.0,unknown,0
2018-01-17,100000.0,unknown,0
2018-01-18,100000.0,unknown,0
2018-01-19,100000.0,unknown,0
2018-01-22,100000.0,unknown,0
2018-01-23,100000.0,unknown,0
2018-01-24,100000.0,unknown,0
2018-01-25,100000.0,unknown,0
2018-01-26,100000.0,unknown,0
2018-01-29,100000.0,unknown,0
2018-01-30,100000.0,unknown,0
2018-01-31,100000.0,unknown,0
2018-02-01,100000.0,unknown,0
2018-02-02,100000.0,unknown,0
2018-02-05,100000.0,unknown,0
2018-02-06,100000.0,unknown,0
2018-02-07,100000.0,unknown,0
2018-02-08,100000.0,unknown,0
2018-02-09,100000.0,unknown,0
2018-02-12,100000.0,unknown,0
2018-02-13,100000.0,unknown,0
2018-02-14,100000.0,unknown,0
2018-02-15,100000.0,unknown,0
2018-02-16,100000.0,unknown,0
2018-02-20,100000.0,unknown,0
2018-02-21,100000.0,unknown,0
2018-02-22,100000.0,unknown,0
2018-02-23,100000.0,unknown,0
2018-02-26,100000.0,unknown,0
2018-02-27,100000.0,unknown,0
2018-02-28,100000.0,unknown,0
2018-03-01,100000.0,unknown,0
2018-03-02,100000.0,unknown,0
2018-03-05,100000.0,unknown,0
2018-03-06,100000.0,unknown,0
2018-03-07,100000.0,unknown,0
2018-03-08,100000.0,unknown,0
2018-03-09,100000.0,unknown,0
2018-03-12,100000.0,unknown,0
2018-03-13,100000.0,unknown,0
2018-03-14,100000.0,unknown,0
2018-03-15,100000.0,unknown,0
2018-03-16,100000.0,unknown,0
2018-03-19,100000.0,unknown,0
2018-03-20,100000.0,unknown,0
2018-03-21,100000.0,unknown,0
2018-03-22,100000.0,unknown,0
2018-03-23,100000.0,unknown,0
2018-03-26,100000.0,unknown,0
2018-03-27,100000.0,unknown,0
2018-03-28,100000.0,unknown,0
2018-03-29,100000.0,unknown,0
2018-04-02,100000.0,unknown,0
2018-04-03,100000.0,unknown,0
2018-04-04,100000.0,unknown,0
2018-04-05,100000.0,unknown,0
2018-04-06,100000.0,unknown,0
2018-04-09,100000.0,unknown,0
2018-04-10,100000.0,unknown,0
2018-04-11,100000.0,unknown,0
2018-04-12,100000.0,unknown,0
2018-04-13,100000.0,unknown,0
2018-04-16,100000.0,unknown,0
2018-04-17,100000.0,unknown,0
2018-04-18,100000.0,unknown,0
2018-04-19,100000.0,unknown,0
2018-04-20,100000.0,unknown,0
2018-04-23,100000.0,unknown,0
2018-04-24,100000.0,unknown,0
2018-04-25,100000.0,unknown,0
2018-04-26,100000.0,unknown,0
2018-04-27,100000.0,unknown,0
2018-04-30,100000.0,unknown,0
2018-05-01,100000.0,unknown,1
2018-05-02,101079.3952,unknown,1
2018-05-03,101081.38680000001,unknown,1
2018-05-04,101123.98000000001,unknown,1
2018-05-07,101132.0218,unknown,1
2018-05-08,101137.5364,unknown,1
2018-05-09,101145.4274,unknown,1
2018-05-10,101161.7996,unknown,1
2018-05-11,101157.45240000001,unknown,1
2018-05-14,101154.7224,unknown,1
2018-05-15,101144.1768,unknown,1
2018-05-16,101154.9278,unknown,1
2018-05-17,101147.62700000001,unknown,1
2018-05-18,101143.4332,unknown,1
2018-05-21,101151.579,unknown,1
2018-05-22,101148.7242,unknown,1
2018-05-23,101156.0536,unknown,1
2018-05-24,101154.7224,low_vol_choppy,0
2018-05-25,101154.7224,low_vol_choppy,0
2018-05-29,101154.7224,low_vol_choppy,0
2018-05-30,101154.7224,low_vol_choppy,0
2018-05-31,101154.7224,low_vol_choppy,0
2018-06-01,101154.7224,low_vol_choppy,0
2018-06-04,101154.7224,low_vol_choppy,0
2018-06-05,101154.7224,low_vol_choppy,0
2018-06-06,101154.7224,low_vol_choppy,0
2018-06-07,101154.7224,low_vol_choppy,0
2018-06-08,101154.7224,low_vol_choppy,1
2018-06-11,104083.1994,low_vol_choppy,1
2018-06-12,104090.8285,low_vol_choppy,1
2018-06-13,104077.4148,low_vol_choppy,1
2018-06-14,104094.068,low_vol_choppy,1
2018-06-15,104056.7378,low_vol_choppy,1
2018-06-18,104077.69380000001,low_vol_choppy,1
2018-06-19,104077.69380000001,low_vol_choppy,1
2018-06-20,104107.08799999999,low_vol_choppy,2
2018-06-21,105658.907,low_vol_choppy,2
2018-06-22,105637.7795,low_vol_choppy,2
2018-06-25,105538.7067,low_vol_choppy,2
2018-06-26,105549.7249,low_vol_choppy,2
2018-06-27,105484.0355,low_vol_choppy,0
2018-06-28,105484.0355,low_vol_choppy,0
2018-06-29,105484.0355,low_vol_choppy,0
2018-07-02,105484.0355,low_vol_choppy,0
2018-07-03,105484.0355,low_vol_choppy,0
2018-07-05,105484.0355,low_vol_choppy,0
2018-07-06,105484.0355,low_vol_choppy,0
2018-07-09,105484.0355,low_vol_choppy,0
2018-07-10,105484.0355,low_vol_choppy,0
2018-07-11,105484.0355,low_vol_choppy,0
2018-07-12,105484.0355,low_vol_choppy,1
2018-07-13,107524.1545,low_vol_choppy,1
2018-07-16,107510.7551,low_vol_choppy,2
2018-07-17,109382.7521,low_vol_choppy,2
2018-07-18,109381.4531,low_vol_choppy,2
2018-07-19,109328.1111,low_vol_choppy,2
2018-07-20,109326.7739,low_vol_choppy,2
2018-07-23,109337.30309999999,low_vol_choppy,2
2018-07-24,109444.4057,low_vol_choppy,2
2018-07-25,109508.9099,low_vol_choppy,2
2018-07-26,109469.4907,low_vol_choppy,2
2018-07-27,109423.5277,low_vol_choppy,2
2018-07-30,109346.7721,low_vol_choppy,3
2018-07-31,111620.6145,low_vol_choppy,3
2018-08-01,111654.4033,low_vol_choppy,3
2018-08-02,111733.8921,low_vol_choppy,3
2018-08-03,111728.1471,low_vol_choppy,3
2018-08-06,111753.7555,low_vol_choppy,2
2018-08-07,111783.80350000001,low_vol_choppy,3
2018-08-08,113288.9565,low_vol_choppy,2
2018-08-09,113304.57449999999,low_vol_choppy,2
2018-08-10,113285.2195,low_vol_choppy,2
2018-08-13,113278.5115,low_vol_choppy,2
2018-08-14,113313.53349999999,low_vol_choppy,2
2018-08-15,113285.2595,low_vol_choppy,2
2018-08-16,113306.6865,low_vol_choppy,2
2018-08-17,113335.6005,low_vol_choppy,2
2018-08-20,113304.7695,low_vol_choppy,2
2018-08-21,113282.294,low_vol_choppy,2
2018-08-22,113306.2165,low_vol_choppy,1
2018-08-23,113309.3005,low_vol_choppy,1
2018-08-24,113314.13949999999,low_vol_choppy,1
2018-08-27,113326.68849999999,low_vol_choppy,1
2018-08-28,113339.2465,low_vol_choppy,1
2018-08-29,113362.4935,low_vol_choppy,2
2018-08-30,115876.9205,low_vol_choppy,2
2018-08-31,118581.74489999999,low_vol_choppy,2
2018-09-04,118549.98689999999,low_vol_choppy,2
2018-09-05,120921.2802,low_vol_choppy,2
2018-09-06,120845.5487,low_vol_choppy,2
2018-09-07,120811.2634,low_vol_choppy,2
2018-09-10,120770.2451,low_vol_choppy,2
2018-09-11,120866.82639999999,low_vol_choppy,2
2018-09-12,120796.55919999999,low_vol_choppy,2
2018-09-13,120881.8844,low_vol_choppy,2
2018-09-14,120842.7374,low_vol_choppy,2
2018-09-17,120734.3432,low_vol_choppy,1
2018-09-18,120738.7955,low_vol_choppy,1
2018-09-19,120740.402,low_vol_choppy,1
2018-09-20,120760.23079999999,low_vol_choppy,1
2018-09-21,120731.6759,low_vol_choppy,1
2018-09-24,120769.5995,low_vol_choppy,0
2018-09-25,120769.5995,low_vol_choppy,0
2018-09-26,120769.5995,low_vol_choppy,0
2018-09-27,120769.5995,low_vol_choppy,0
2018-09-28,120769.5995,low_vol_choppy,0
2018-10-01,120769.5995,low_vol_choppy,0
2018-10-02,120769.5995,low_vol_choppy,0
2018-10-03,120769.5995,low_vol_choppy,0
2018-10-04,120769.5995,low_vol_choppy,0
2018-10-05,120769.5995,low_vol_choppy,0
2018-10-08,120769.5995,low_vol_choppy,0
2018-10-09,120769.5995,low_vol_choppy,0
2018-10-10,120769.5995,low_vol_choppy,0
2018-10-11,120769.5995,low_vol_choppy,0
2018-10-12,120769.5995,low_vol_choppy,0
2018-10-15,120769.5995,low_vol_choppy,0
2018-10-16,120769.5995,low_vol_choppy,0
2018-10-17,120769.5995,low_vol_choppy,0
2018-10-18,120769.5995,low_vol_choppy,0
2018-10-19,120769.5995,low_vol_choppy,0
2018-10-22,120769.5995,low_vol_choppy,0
2018-10-23,120769.5995,low_vol_choppy,0
2018-10-24,120769.5995,low_vol_choppy,0
2018-10-25,120769.5995,low_vol_choppy,0
2018-10-26,120769.5995,low_vol_choppy,0
2018-10-29,120769.5995,low_vol_choppy,0
2018-10-30,120769.5995,low_vol_choppy,0
2018-10-31,120769.5995,low_vol_choppy,0
2018-11-01,120769.5995,low_vol_choppy,0
2018-11-02,120769.5995,low_vol_choppy,0
2018-11-05,120769.5995,low_vol_choppy,0
2018-11-06,120769.5995,low_vol_choppy,0
2018-11-07,120769.5995,low_vol_choppy,0
2018-11-08,120769.5995,low_vol_choppy,0
2018-11-09,120769.5995,low_vol_choppy,0
2018-11-12,120769.5995,low_vol_choppy,0
2018-11-13,120769.5995,low_vol_choppy,0
2018-11-14,120769.5995,low_vol_choppy,0
2018-11-15,120769.5995,low_vol_choppy,0
2018-11-16,120769.5995,low_vol_choppy,0
2018-11-19,120769.5995,low_vol_choppy,0
2018-11-20,120769.5995,low_vol_choppy,0
2018-11-21,120769.5995,low_vol_choppy,0
2018-11-23,120769.5995,low_vol_choppy,0
2018-11-26,120769.5995,low_vol_choppy,0
2018-11-27,120769.5995,low_vol_choppy,0
2018-11-28,120769.5995,low_vol_choppy,0
2018-11-29,120769.5995,low_vol_choppy,0
2018-11-30,120769.5995,low_vol_choppy,0
2018-12-03,120769.5995,low_vol_choppy,0
2018-12-04,120769.5995,low_vol_choppy,0
2018-12-06,120769.5995,low_vol_choppy,0
2018-12-07,120769.5995,low_vol_choppy,0
2018-12-10,120769.5995,low_vol_choppy,0
2018-12-11,120769.5995,low_vol_choppy,0
2018-12-12,120769.5995,low_vol_choppy,0
2018-12-13,120769.5995,low_vol_choppy,0
2018-12-14,120769.5995,low_vol_choppy,0
2018-12-17,120769.5995,low_vol_choppy,0
2018-12-18,120769.5995,low_vol_choppy,0
2018-12-19,120769.5995,low_vol_choppy,0
2018-12-20,120769.5995,low_vol_choppy,0
2018-12-21,120769.5995,low_vol_choppy,0
2018-12-24,120769.5995,low_vol_choppy,0
2018-12-26,120769.5995,low_vol_choppy,0
2018-12-27,120769.5995,low_vol_choppy,0
2018-12-28,120769.5995,low_vol_choppy,0
2018-12-31,120769.5995,low_vol_choppy,0
2019-01-02,120769.5995,low_vol_choppy,0
2019-01-03,120769.5995,low_vol_choppy,0
2019-01-04,120769.5995,low_vol_choppy,0
2019-01-07,120769.5995,low_vol_choppy,0
2019-01-08,120769.5995,low_vol_choppy,0
2019-01-09,120769.5995,low_vol_choppy,0
2019-01-10,120769.5995,low_vol_choppy,0
2019-01-11,120769.5995,low_vol_choppy,0
2019-01-14,120769.5995,low_vol_choppy,0
2019-01-15,120769.5995,low_vol_choppy,0
2019-01-16,120769.5995,low_vol_choppy,0
2019-01-17,120769.5995,low_vol_choppy,0
2019-01-18,120769.5995,low_vol_choppy,0
2019-01-22,120769.5995,low_vol_choppy,0
2019-01-23,120769.5995,low_vol_choppy,0
2019-01-24,120769.5995,low_vol_choppy,0
2019-01-25,120769.5995,low_vol_choppy,0
2019-01-28,120769.5995,low_vol_choppy,0
2019-01-29,120769.5995,low_vol_choppy,0
2019-01-30,120769.5995,low_vol_choppy,0
2019-01-31,120769.5995,low_vol_choppy,0
2019-02-01,120769.5995,low_vol_choppy,0
2019-02-04,120769.5995,low_vol_choppy,0
2019-02-05,120769.5995,low_vol_choppy,0
2019-02-06,120769.5995,low_vol_choppy,1
2019-02-07,121576.7845,low_vol_choppy,1
2019-02-08,121563.7095,low_vol_choppy,1
2019-02-11,121565.0995,low_vol_choppy,1
2019-02-12,121588.60449999999,low_vol_choppy,1
2019-02-13,121589.5995,low_vol_choppy,1
2019-02-14,121580.9245,low_vol_choppy,1
2019-02-15,121573.57449999999,low_vol_choppy,1
2019-02-19,121583.38949999999,low_vol_choppy,1
2019-02-20,121580.6495,low_vol_choppy,1
2019-02-21,121579.3195,low_vol_choppy,1
2019-02-22,121585.3795,low_vol_choppy,1
2019-02-25,121586.0995,low_vol_choppy,1
2019-02-26,121587.7995,low_vol_choppy,1
2019-02-27,121590.1445,low_vol_choppy,1
2019-02-28,121589.51449999999,low_vol_choppy,1
2019-03-01,121605.4645,low_vol_choppy,0
2019-03-04,121605.4645,low_vol_choppy,1
2019-03-05,123805.62349999999,low_vol_choppy,1
2019-03-06,123775.0995,low_vol_choppy,1
2019-03-07,123719.19949999999,low_vol_choppy,1
2019-03-08,123712.5045,low_vol_choppy,1
2019-03-11,123777.27049999998,low_vol_choppy,1
2019-03-12,123780.4945,low_vol_choppy,1
2019-03-13,123803.51749999999,low_vol_choppy,1
2019-03-14,123797.5505,low_vol_choppy,3
2019-03-15,134933.4115,low_vol_choppy,3
2019-03-18,135109.94559999998,low_vol_choppy,3
2019-03-19,135097.3191,low_vol_choppy,3
2019-03-20,135183.175,low_vol_choppy,3
2019-03-21,135544.1803,low_vol_choppy,3
2019-03-22,135199.3699,low_vol_choppy,3
2019-03-25,135177.3258,low_vol_choppy,3
2019-03-26,135145.7844,low_vol_choppy,3
2019-03-27,135113.8714,low_vol_choppy,2
2019-03-28,135128.88569999998,low_vol_choppy,2
2019-03-29,135213.26,low_vol_choppy,2
2019-04-01,135304.61669999998,low_vol_choppy,2
2019-04-02,135392.4967,low_vol_choppy,2
2019-04-03,135469.8485,low_vol_choppy,2
2019-04-04,135448.19799999997,low_vol_choppy,2
2019-04-05,135512.7855,low_vol_choppy,2
2019-04-08,135603.3171,low_vol_choppy,0
2019-04-09,135603.3171,low_vol_choppy,0
2019-04-10,135603.3171,low_vol_choppy,0
2019-04-11,135603.3171,low_vol_choppy,0
2019-04-12,135603.3171,low_vol_choppy,0
2019-04-15,135603.3171,low_vol_choppy,0
2019-04-16,135603.3171,low_vol_choppy,0
2019-04-17,135603.3171,low_vol_choppy,0
2019-04-18,135603.3171,low_vol_choppy,0
2019-04-22,135603.3171,low_vol_choppy,0
2019-04-23,135603.3171,low_vol_choppy,2
2019-04-24,143236.09209999998,low_vol_choppy,2
2019-04-25,143259.2412,low_vol_choppy,2
2019-04-26,143386.64149999997,low_vol_choppy,2
2019-04-29,143419.30699999997,low_vol_choppy,2
2019-04-30,143099.97249999997,low_vol_choppy,1
2019-05-01,143069.97249999997,low_vol_choppy,1
2019-05-02,143048.57249999998,low_vol_choppy,1
2019-05-03,143171.85249999998,low_vol_choppy,1
2019-05-06,143148.03249999997,low_vol_choppy,1
2019-05-07,143088.9325,low_vol_choppy,1
2019-05-08,143082.47249999997,low_vol_choppy,1
2019-05-09,143046.6725,low_vol_choppy,1
2019-05-10,143026.8925,low_vol_choppy,1
2019-05-13,142892.29249999998,low_vol_choppy,0
2019-05-14,142892.29249999998,low_vol_choppy,0
2019-05-15,142892.29249999998,low_vol_choppy,0
2019-05-16,142892.29249999998,low_vol_choppy,0
2019-05-17,142892.29249999998,low_vol_choppy,0
2019-05-20,142892.29249999998,low_vol_choppy,0
2019-05-21,142892.29249999998,low_vol_choppy,0
2019-05-22,142892.29249999998,low_vol_choppy,0
2019-05-23,142892.29249999998,low_vol_choppy,0
2019-05-24,142892.29249999998,low_vol_choppy,0
2019-05-28,142892.29249999998,low_vol_choppy,0
2019-05-29,142892.29249999998,low_vol_choppy,0
2019-05-30,142892.29249999998,low_vol_choppy,0
2019-05-31,142892.29249999998,low_vol_choppy,0
2019-06-03,142892.29249999998,low_vol_choppy,0
2019-06-04,142892.29249999998,low_vol_choppy,0
2019-06-05,142892.29249999998,low_vol_choppy,1
2019-06-06,146702.8049,low_vol_choppy,3
2019-06-07,152216.51529999997,low_vol_choppy,3
2019-06-10,152386.55069999996,low_vol_choppy,3
2019-06-11,152376.43889999998,low_vol_choppy,3
2019-06-12,152344.4178,low_vol_choppy,3
2019-06-13,152427.81299999997,low_vol_choppy,3
2019-06-14,152412.0599,low_vol_choppy,3
2019-06-17,152474.67419999998,low_vol_choppy,3
2019-06-18,152583.8147,low_vol_choppy,3
2019-06-19,152603.59449999998,low_vol_choppy,3
2019-06-20,152673.80519999997,low_vol_choppy,3
2019-06-21,152706.73209999996,low_vol_choppy,3
2019-06-24,152694.1394,low_vol_choppy,3
2019-06-25,152449.3113,low_vol_choppy,3
2019-06-26,152465.45019999996,low_vol_choppy,3
2019-06-27,152466.69549999997,low_vol_choppy,3
2019-06-28,152467.87669999996,low_vol_choppy,2
2019-07-01,152547.2277,low_vol_choppy,0
2019-07-02,152547.2277,low_vol_choppy,0
2019-07-03,152547.2277,low_vol_choppy,0
2019-07-05,152547.2277,low_vol_choppy,0
2019-07-08,152547.2277,low_vol_choppy,0
2019-07-09,152547.2277,low_vol_choppy,1
2019-07-10,157691.59769999998,low_vol_choppy,1
2019-07-11,157649.98169999997,low_vol_choppy,1
2019-07-12,157675.27769999998,low_vol_choppy,1
2019-07-15,157700.77769999998,low_vol_choppy,1
2019-07-16,157672.47269999998,low_vol_choppy,1
2019-07-17,157626.9042,low_vol_choppy,1
2019-07-18,157590.87269999998,low_vol_choppy,1
2019-07-19,157556.75369999997,low_vol_choppy,1
2019-07-22,157610.58419999998,low_vol_choppy,1
2019-07-23,157633.17719999998,low_vol_choppy,1
2019-07-24,157649.26769999997,low_vol_choppy,1
2019-07-25,157580.46869999997,low_vol_choppy,1
2019-07-26,157502.00519999996,low_vol_choppy,1
2019-07-29,157423.9752,low_vol_choppy,0
2019-07-30,157423.9752,low_vol_choppy,0
2019-07-31,157423.9752,low_vol_choppy,0
2019-08-01,157423.9752,low_vol_choppy,0
2019-08-02,157423.9752,low_vol_choppy,0
2019-08-05,157423.9752,low_vol_choppy,0
2019-08-06,157423.9752,low_vol_choppy,0
2019-08-07,157423.9752,low_vol_choppy,0
2019-08-08,157423.9752,low_vol_choppy,0
2019-08-09,157423.9752,low_vol_choppy,0
2019-08-12,157423.9752,low_vol_choppy,0
2019-08-13,157423.9752,low_vol_choppy,0
2019-08-14,157423.9752,low_vol_choppy,0
2019-08-15,157423.9752,low_vol_choppy,0
2019-08-16,157423.9752,low_vol_choppy,0
2019-08-19,157423.9752,low_vol_choppy,0
2019-08-20,157423.9752,low_vol_choppy,0
2019-08-21,157423.9752,low_vol_choppy,0
2019-08-22,157423.9752,low_vol_choppy,0
2019-08-23,157423.9752,low_vol_choppy,0
2019-08-26,157423.9752,low_vol_choppy,0
2019-08-27,157423.9752,low_vol_choppy,0
2019-08-28,157423.9752,low_vol_choppy,0
2019-08-29,157423.9752,low_vol_choppy,0
2019-08-30,157423.9752,low_vol_choppy,0
2019-09-03,157423.9752,low_vol_choppy,0
2019-09-04,157423.9752,low_vol_choppy,0
2019-09-05,157423.9752,low_vol_choppy,0
2019-09-06,157423.9752,low_vol_choppy,0
2019-09-09,157423.9752,low_vol_choppy,0
2019-09-10,157423.9752,low_vol_choppy,0
2019-09-11,157423.9752,low_vol_choppy,0
2019-09-12,157423.9752,low_vol_choppy,0
2019-09-13,157423.9752,low_vol_choppy,0
2019-09-16,157423.9752,low_vol_choppy,0
2019-09-17,157423.9752,low_vol_choppy,0
2019-09-18,157423.9752,low_vol_choppy,0
2019-09-19,157423.9752,low_vol_choppy,0
2019-09-20,157423.9752,low_vol_choppy,0
2019-09-23,157423.9752,low_vol_choppy,0
2019-09-24,157423.9752,low_vol_choppy,0
2019-09-25,157423.9752,low_vol_choppy,0
2019-09-26,157423.9752,low_vol_choppy,0
2019-09-27,157423.9752,low_vol_choppy,0
2019-09-30,157423.9752,low_vol_choppy,0
2019-10-01,157423.9752,low_vol_choppy,1
2019-10-02,163165.0488,low_vol_choppy,1
2019-10-03,163214.51299999998,low_vol_choppy,1
2019-10-04,163375.96379999997,low_vol_choppy,1
2019-10-07,163377.32629999996,low_vol_choppy,1
2019-10-08,163307.96959999995,low_vol_choppy,1
2019-10-09,163376.57419999997,low_vol_choppy,1
2019-10-10,163457.17969999998,low_vol_choppy,1
2019-10-11,163617.44239999997,low_vol_choppy,1
2019-10-14,163608.46079999997,low_vol_choppy,1
2019-10-15,163594.19269999996,low_vol_choppy,2
2019-10-16,167347.04689999996,low_vol_choppy,2
2019-10-17,167400.3772,low_vol_choppy,2
2019-10-18,167404.54289999997,low_vol_choppy,2
2019-10-21,167511.33219999998,low_vol_choppy,2
2019-10-22,167488.02279999998,low_vol_choppy,2
2019-10-23,167622.31729999997,low_vol_choppy,2
2019-10-24,167637.51679999998,low_vol_choppy,1
2019-10-25,167653.2853,low_vol_choppy,1
2019-10-28,167728.29089999996,low_vol_choppy,2
2019-10-29,172135.37399999998,low_vol_choppy,2
2019-10-30,172191.26599999997,low_vol_choppy,2
2019-10-31,172146.54929999996,low_vol_choppy,2
2019-11-01,172198.05749999997,low_vol_choppy,2
2019-11-04,172277.17729999998,low_vol_choppy,2
2019-11-05,172279.83649999998,low_vol_choppy,2
2019-11-06,172265.99109999998,low_vol_choppy,2
2019-11-07,172320.8687,low_vol_choppy,2
2019-11-08,180330.7301,low_vol_choppy,2
2019-11-11,180270.09089999995,low_vol_choppy,2
2019-11-12,180293.49489999996,low_vol_choppy,2
2019-11-13,180295.0365,low_vol_choppy,2
2019-11-14,180397.41409999997,low_vol_choppy,2
2019-11-15,180605.63809999998,low_vol_choppy,2
2019-11-18,180534.22869999998,low_vol_choppy,2
2019-11-19,180491.47369999997,low_vol_choppy,2
2019-11-20,180418.23349999997,low_vol_choppy,1
2019-11-21,180407.79029999996,low_vol_choppy,1
2019-11-22,180368.44529999996,low_vol_choppy,1
2019-11-25,180441.21829999995,low_vol_choppy,1
2019-11-26,180485.93129999997,low_vol_choppy,1
2019-11-27,180480.66089999996,low_vol_choppy,1
2019-11-29,180431.77549999996,low_vol_choppy,1
2019-12-02,180339.21409999998,low_vol_choppy,0
2019-12-03,180339.21409999998,low_vol_choppy,0
2019-12-04,180339.21409999998,low_vol_choppy,0
2019-12-05,180339.21409999998,low_vol_choppy,0
2019-12-06,180339.21409999998,low_vol_choppy,0
2019-12-09,180339.21409999998,low_vol_choppy,0
2019-12-10,180339.21409999998,low_vol_choppy,1
2019-12-11,189159.04759999996,low_vol_choppy,1
2019-12-12,189181.44409999996,low_vol_choppy,1
2019-12-13,189301.85059999998,low_vol_choppy,1
2019-12-16,189455.25109999996,low_vol_choppy,1
2019-12-17,189472.76059999998,low_vol_choppy,1
2019-12-18,189451.39009999996,low_vol_choppy,1
2019-12-19,189460.27309999996,low_vol_choppy,1
2019-12-20,189441.60259999998,low_vol_choppy,1
2019-12-23,189590.11609999998,low_vol_choppy,1
2019-12-24,189598.5941,low_vol_choppy,1
2019-12-26,189782.22109999997,low_vol_choppy,2
2019-12-27,194546.48509999996,low_vol_choppy,2
2019-12-30,194544.31909999996,low_vol_choppy,2
2019-12-31,204678.11999999997,low_vol_choppy,2
2020-01-02,205037.64199999996,low_vol_choppy,2
2020-01-03,204878.47539999997,low_vol_choppy,4
2020-01-06,238020.58269999997,low_vol_choppy,4
2020-01-07,237799.62359999996,low_vol_choppy,4
2020-01-08,238306.09539999996,low_vol_choppy,4
2020-01-09,238929.94459999996,low_vol_choppy,4
2020-01-10,238939.96509999997,low_vol_choppy,4
2020-01-13,239524.13709999996,low_vol_choppy,3
2020-01-14,239235.44409999996,low_vol_choppy,3
2020-01-15,239429.13409999997,low_vol_choppy,3
2020-01-16,239904.78109999996,low_vol_choppy,2
2020-01-17,239967.26309999998,low_vol_choppy,3
2020-01-21,246916.60629999996,low_vol_choppy,2
2020-01-22,246842.03509999998,low_vol_choppy,2
2020-01-23,246950.92529999997,low_vol_choppy,2
2020-01-24,246689.69329999998,low_vol_choppy,2
2020-01-27,246247.30969999998,low_vol_choppy,1
2020-01-28,246335.21849999996,low_vol_choppy,1
2020-01-29,246364.24569999997,low_vol_choppy,1
2020-01-30,246352.77769999998,low_vol_choppy,1
2020-01-31,246252.23529999997,low_vol_choppy,1
2020-02-03,246485.53389999998,low_vol_choppy,1
2020-02-04,246311.37069999997,low_vol_choppy,2
2020-02-05,250190.14129999996,low_vol_choppy,2
2020-02-06,250349.94169999997,low_vol_choppy,2
2020-02-07,250419.81929999997,low_vol_choppy,2
2020-02-10,250662.03149999998,low_vol_choppy,1
2020-02-11,250694.10349999997,low_vol_choppy,1
2020-02-12,250711.58349999998,low_vol_choppy,1
2020-02-13,250692.35549999998,low_vol_choppy,1
2020-02-14,250663.85549999998,low_vol_choppy,1
2020-02-18,250703.37549999997,low_vol_choppy,1
2020-02-19,250731.00149999998,low_vol_choppy,1
2020-02-20,250698.4735,low_vol_choppy,1
2020-02-21,250589.90749999997,low_vol_choppy,1
2020-02-24,250425.2155,low_vol_choppy,1
2020-02-25,250355.78949999998,low_vol_choppy,1
2020-02-26,250368.80449999997,low_vol_choppy,1
2020-02-27,250187.7535,low_vol_choppy,0
2020-02-28,250187.7535,low_vol_choppy,0
2020-03-02,250187.7535,low_vol_choppy,0
2020-03-03,250187.7535,low_vol_choppy,0
2020-03-04,250187.7535,low_vol_choppy,0
2020-03-05,250187.7535,low_vol_choppy,0
2020-03-06,250187.7535,low_vol_choppy,0
2020-03-09,250187.7535,low_vol_choppy,0
2020-03-10,250187.7535,low_vol_choppy,0
2020-03-11,250187.7535,low_vol_choppy,0
2020-03-12,250187.7535,low_vol_choppy,0
2020-03-13,250187.7535,high_vol_trending_down,0
2020-03-16,250187.7535,high_vol_trending_down,0
2020-03-17,250187.7535,high_vol_trending_down,0
2020-03-18,250187.7535,high_vol_trending_down,0
2020-03-19,250187.7535,high_vol_trending_down,0
2020-03-20,250187.7535,high_vol_trending_down,0
2020-03-23,250187.7535,high_vol_trending_down,0
2020-03-24,250187.7535,high_vol_trending_down,0
2020-03-25,250187.7535,high_vol_trending_down,0
2020-03-26,250187.7535,high_vol_trending_down,0
2020-03-27,250187.7535,high_vol_trending_down,0
2020-03-30,250187.7535,high_vol_trending_down,0
2020-03-31,250187.7535,high_vol_trending_down,0
2020-04-01,250187.7535,high_vol_trending_down,0
2020-04-02,250187.7535,high_vol_trending_down,0
2020-04-03,250187.7535,high_vol_trending_down,0
2020-04-06,250187.7535,high_vol_trending_down,0
2020-04-07,250187.7535,high_vol_trending_down,0
2020-04-08,250187.7535,high_vol_trending_down,0
2020-04-09,250187.7535,high_vol_trending_down,0
2020-04-13,250187.7535,low_vol_trending_up,0
2020-04-14,250187.7535,low_vol_trending_up,0
2020-04-15,250187.7535,low_vol_trending_up,0
2020-04-16,250187.7535,low_vol_trending_up,0
2020-04-17,250187.7535,low_vol_trending_up,0
2020-04-20,250187.7535,low_vol_trending_up,0
2020-04-21,250187.7535,low_vol_trending_up,0
2020-04-22,250187.7535,low_vol_trending_up,0
2020-04-23,250187.7535,low_vol_trending_up,0
2020-04-24,250187.7535,low_vol_trending_up,0
2020-04-27,250187.7535,low_vol_trending_up,0
2020-04-28,250187.7535,low_vol_trending_up,0
2020-04-29,250187.7535,low_vol_trending_up,0
2020-04-30,250187.7535,low_vol_trending_up,0
2020-05-01,250187.7535,low_vol_trending_up,0
2020-05-04,250187.7535,low_vol_trending_up,0
2020-05-05,250187.7535,low_vol_trending_up,0
2020-05-06,250187.7535,low_vol_trending_up,0
2020-05-07,250187.7535,low_vol_trending_up,0
2020-05-08,250187.7535,low_vol_trending_up,0
2020-05-11,250187.7535,low_vol_trending_up,0
2020-05-12,250187.7535,low_vol_trending_up,0
2020-05-13,250187.7535,low_vol_trending_up,0
2020-05-14,250187.7535,low_vol_trending_up,0
2020-05-15,250187.7535,low_vol_trending_up,0
2020-05-18,250187.7535,low_vol_trending_up,0
2020-05-19,250187.7535,low_vol_trending_up,0
2020-05-20,250187.7535,low_vol_trending_up,0
2020-05-21,250187.7535,low_vol_trending_up,0
2020-05-22,250187.7535,low_vol_trending_up,0
2020-05-26,250187.7535,low_vol_trending_up,0
2020-05-27,250187.7535,low_vol_trending_up,0
2020-05-28,250187.7535,low_vol_trending_up,0
2020-05-29,250187.7535,low_vol_trending_up,0
2020-06-01,250187.7535,low_vol_trending_up,0
2020-06-02,250187.7535,low_vol_trending_up,0
2020-06-03,250187.7535,low_vol_choppy,0
2020-06-04,250187.7535,low_vol_choppy,0
2020-06-05,250187.7535,low_vol_choppy,1
2020-06-08,258000.5715,low_vol_choppy,1
2020-06-09,257942.0975,low_vol_choppy,2
2020-06-10,272194.6975,low_vol_choppy,3
2020-06-11,276562.1825,low_vol_choppy,2
2020-06-12,276537.96249999997,low_vol_choppy,2
2020-06-15,276753.38599999994,low_vol_choppy,2
2020-06-16,277126.67949999997,low_vol_choppy,2
2020-06-17,277257.73099999997,low_vol_choppy,2
2020-06-18,277330.167,low_vol_choppy,2
2020-06-19,277412.06299999997,low_vol_choppy,2
2020-06-22,277765.85049999994,low_vol_choppy,2
2020-06-23,278159.7655,low_vol_choppy,2
2020-06-24,277895.644,low_vol_choppy,2
2020-06-25,278079.912,low_vol_choppy,2
2020-06-26,277570.2375,low_vol_choppy,2
2020-06-29,277631.171,low_vol_choppy,2
2020-06-30,278102.184,low_vol_choppy,2
2020-07-01,278738.6875,low_vol_choppy,3
2020-07-02,293454.6615,low_vol_choppy,3
2020-07-06,294322.76139999996,low_vol_choppy,2
2020-07-07,294079.8691,low_vol_choppy,2
2020-07-08,294425.1126,low_vol_choppy,2
2020-07-09,294852.73419999995,low_vol_choppy,2
2020-07-10,294969.2415,low_vol_choppy,2
2020-07-13,294534.2706,low_vol_choppy,2
2020-07-14,294478.3357,low_vol_choppy,2
2020-07-15,294179.41189999995,low_vol_choppy,2
2020-07-16,294140.0516,low_vol_choppy,2
2020-07-17,293998.6964,low_vol_choppy,2
2020-07-20,295017.6934,low_vol_choppy,2
2020-07-21,294772.902,low_vol_choppy,2
2020-07-22,294647.0161,low_vol_choppy,2
2020-07-23,294093.1614,low_vol_choppy,2
2020-07-24,294158.3209,low_vol_choppy,0
2020-07-27,294158.3209,low_vol_choppy,1
2020-07-28,298432.9869,low_vol_choppy,1
2020-07-29,298475.7549,low_vol_choppy,2
2020-07-30,303231.0124,low_vol_choppy,2
2020-07-31,303753.4109,low_vol_choppy,2
2020-08-03,304129.0869,low_vol_choppy,2
2020-08-04,311719.4309,low_vol_choppy,2
2020-08-05,311739.9509,low_vol_choppy,2
2020-08-06,312080.7149,low_vol_choppy,2
2020-08-07,311816.9989,low_vol_choppy,2
2020-08-10,311841.85089999996,low_vol_choppy,2
2020-08-11,311504.0669,low_vol_choppy,2
2020-08-12,311881.5949,low_vol_choppy,2
2020-08-13,312009.9309,low_vol_choppy,2
2020-08-14,312006.8909,low_vol_choppy,2
2020-08-17,312015.51489999995,low_vol_choppy,2
2020-08-18,312107.2549,low_vol_choppy,2
2020-08-19,312090.36089999997,low_vol_choppy,1
2020-08-20,312270.64890000003,low_vol_choppy,1
2020-08-21,312696.3849,low_vol_choppy,1
2020-08-24,312801.0729,low_vol_choppy,1
2020-08-25,312728.20889999997,low_vol_choppy,1
2020-08-26,312847.6569,low_vol_choppy,0
2020-08-27,312847.6569,low_vol_choppy,0
2020-08-28,312847.6569,low_vol_choppy,0
2020-08-31,312847.6569,low_vol_choppy,0
2020-09-01,312847.6569,low_vol_choppy,0
2020-09-02,312847.6569,low_vol_choppy,0
2020-09-03,312847.6569,low_vol_choppy,0
2020-09-04,312847.6569,low_vol_choppy,0
2020-09-08,312847.6569,low_vol_choppy,0
2020-09-09,312847.6569,low_vol_choppy,0
2020-09-10,312847.6569,low_vol_choppy,0
2020-09-11,312847.6569,low_vol_choppy,0
2020-09-14,312847.6569,low_vol_choppy,0
2020-09-15,312847.6569,low_vol_choppy,0
2020-09-16,312847.6569,low_vol_choppy,0
2020-09-17,312847.6569,low_vol_choppy,0
2020-09-18,312847.6569,low_vol_choppy,0
2020-09-21,312847.6569,low_vol_choppy,0
2020-09-22,312847.6569,low_vol_choppy,0
2020-09-23,312847.6569,low_vol_choppy,0
2020-09-24,312847.6569,low_vol_choppy,0
2020-09-25,312847.6569,low_vol_choppy,0
2020-09-28,312847.6569,low_vol_choppy,0
2020-09-29,312847.6569,low_vol_choppy,0
2020-09-30,312847.6569,low_vol_choppy,0
2020-10-01,312847.6569,low_vol_choppy,0
2020-10-02,312847.6569,low_vol_choppy,0
2020-10-05,312847.6569,low_vol_choppy,0
2020-10-06,312847.6569,low_vol_choppy,0
2020-10-07,312847.6569,low_vol_choppy,0
2020-10-08,312847.6569,low_vol_choppy,0
2020-10-09,312847.6569,low_vol_choppy,0
2020-10-12,312847.6569,low_vol_choppy,0
2020-10-13,312847.6569,low_vol_choppy,0
2020-10-14,312847.6569,low_vol_choppy,0
2020-10-15,312847.6569,low_vol_choppy,0
2020-10-16,312847.6569,low_vol_choppy,0
2020-10-19,312847.6569,low_vol_choppy,0
2020-10-20,312847.6569,low_vol_choppy,0
2020-10-21,312847.6569,low_vol_choppy,0
2020-10-22,312847.6569,low_vol_choppy,0
2020-10-23,312847.6569,low_vol_choppy,0
2020-10-26,312847.6569,low_vol_choppy,0
2020-10-27,312847.6569,low_vol_choppy,0
2020-10-28,312847.6569,low_vol_choppy,0
2020-10-29,312847.6569,low_vol_choppy,0
2020-10-30,312847.6569,low_vol_choppy,0
2020-11-02,312847.6569,low_vol_choppy,0
2020-11-03,312847.6569,low_vol_choppy,0
2020-11-04,312847.6569,low_vol_choppy,0
2020-11-05,312847.6569,low_vol_choppy,0
2020-11-06,312847.6569,low_vol_choppy,0
2020-11-09,312847.6569,low_vol_choppy,0
2020-11-10,312847.6569,low_vol_choppy,0
2020-11-11,312847.6569,low_vol_choppy,0
2020-11-12,312847.6569,low_vol_choppy,0
2020-11-13,312847.6569,low_vol_choppy,0
2020-11-16,312847.6569,low_vol_choppy,0
2020-11-17,312847.6569,low_vol_choppy,0
2020-11-18,312847.6569,low_vol_choppy,0
2020-11-19,312847.6569,low_vol_choppy,0
2020-11-20,312847.6569,low_vol_choppy,0
2020-11-23,312847.6569,low_vol_choppy,0
2020-11-24,312847.6569,low_vol_choppy,0
2020-11-25,312847.6569,low_vol_choppy,0
2020-11-27,312847.6569,low_vol_choppy,0
2020-11-30,312847.6569,low_vol_choppy,0
2020-12-01,312847.6569,low_vol_choppy,0
2020-12-02,312847.6569,low_vol_choppy,0
2020-12-03,312847.6569,low_vol_choppy,0
2020-12-04,312847.6569,low_vol_choppy,0
2020-12-07,312847.6569,low_vol_choppy,0
2020-12-08,312847.6569,low_vol_choppy,0
2020-12-09,312847.6569,low_vol_choppy,0
2020-12-10,312847.6569,low_vol_choppy,0
2020-12-11,312847.6569,low_vol_choppy,0
2020-12-14,312847.6569,low_vol_choppy,0
2020-12-15,312847.6569,low_vol_choppy,0
2020-12-16,312847.6569,low_vol_choppy,2
2020-12-17,342307.09990000003,low_vol_choppy,2
2020-12-18,342096.2609,low_vol_choppy,2
2020-12-21,342391.8019,low_vol_choppy,2
2020-12-22,342485.5439,low_vol_choppy,2
2020-12-23,342190.6639,low_vol_choppy,2
2020-12-24,342253.9449,low_vol_choppy,2
2020-12-28,342899.5899,low_vol_choppy,2
2020-12-29,343012.7069,low_vol_choppy,2
2020-12-30,342683.9509,low_vol_choppy,2
2020-12-31,342605.9509,low_vol_choppy,2
2021-01-04,341968.6639,low_vol_choppy,2
2021-01-05,342124.3039,low_vol_choppy,3
2021-01-06,368846.3749,low_vol_choppy,3
2021-01-07,370186.8969,low_vol_choppy,3
2021-01-08,370744.9219,low_vol_choppy,1
2021-01-11,370082.6819,low_vol_choppy,1
2021-01-12,369782.0099,low_vol_choppy,1
2021-01-13,369938.5539,low_vol_choppy,2
2021-01-14,387385.28990000003,low_vol_choppy,2
2021-01-15,387302.52790000004,low_vol_choppy,2
2021-01-19,388524.50590000005,low_vol_choppy,2
2021-01-20,390703.8359,low_vol_choppy,3
2021-01-21,412107.1649,low_vol_choppy,3
2021-01-22,412194.69190000003,low_vol_choppy,3
2021-01-25,412506.8719,low_vol_choppy,3
2021-01-26,412920.9199,low_vol_choppy,3
2021-01-27,412149.5789,low_vol_choppy,3
2021-01-28,412872.2769,low_vol_choppy,3
2021-01-29,412043.2879,low_vol_choppy,3
2021-02-01,413491.35990000004,low_vol_choppy,2
2021-02-02,413760.3119,low_vol_choppy,2
2021-02-03,414390.0709,low_vol_choppy,2
2021-02-04,414415.0539,low_vol_choppy,2
2021-02-05,414689.9519,low_vol_choppy,2
2021-02-08,414575.1509,low_vol_choppy,2
2021-02-09,414465.9539,low_vol_choppy,2
2021-02-10,414475.8929,low_vol_choppy,2
2021-02-11,414414.9699,low_vol_choppy,2
2021-02-12,414499.9899,low_vol_choppy,0
2021-02-16,414499.9899,low_vol_choppy,0
2021-02-17,414499.9899,low_vol_choppy,0
2021-02-18,414499.9899,low_vol_choppy,0
2021-02-19,414499.9899,low_vol_choppy,0
2021-02-22,414499.9899,low_vol_choppy,0
2021-02-23,414499.9899,low_vol_choppy,0
2021-02-24,414499.9899,low_vol_choppy,0
2021-02-25,414499.9899,low_vol_choppy,0
2021-02-26,414499.9899,low_vol_choppy,0
2021-03-01,414499.9899,low_vol_choppy,0
2021-03-02,414499.9899,low_vol_choppy,0
2021-03-03,414499.9899,low_vol_choppy,0
2021-03-04,414499.9899,low_vol_choppy,0
2021-03-05,414499.9899,low_vol_choppy,0
2021-03-08,414499.9899,low_vol_choppy,0
2021-03-09,414499.9899,low_vol_choppy,0
2021-03-10,414499.9899,low_vol_choppy,1
2021-03-11,423459.7719,low_vol_choppy,1
2021-03-12,423407.9799,low_vol_choppy,2
2021-03-15,434937.8409,low_vol_choppy,2
2021-03-16,435213.31889999995,low_vol_choppy,2
2021-03-17,435178.35589999997,low_vol_choppy,2
2021-03-18,434597.1809,low_vol_choppy,2
2021-03-19,434614.74189999996,low_vol_choppy,2
2021-03-22,434849.1249,low_vol_choppy,2
2021-03-23,434968.6149,low_vol_choppy,2
2021-03-24,434839.0579,low_vol_choppy,2
2021-03-25,434720.5489,low_vol_choppy,2
2021-03-26,434833.6679,low_vol_choppy,2
2021-03-29,434905.5919,low_vol_choppy,2
2021-03-30,434781.4749,low_vol_choppy,2
2021-03-31,435019.8489,low_vol_choppy,2
2021-04-01,435646.8249,low_vol_choppy,2
2021-04-05,436403.3589,low_vol_choppy,0
2021-04-06,436403.3589,low_vol_choppy,0
2021-04-07,436403.3589,low_vol_choppy,0
2021-04-08,436403.3589,low_vol_choppy,0
2021-04-09,436403.3589,low_vol_choppy,0
2021-04-12,436403.3589,low_vol_choppy,0
2021-04-13,436403.3589,low_vol_choppy,0
2021-04-14,436403.3589,low_vol_choppy,0
2021-04-15,436403.3589,low_vol_choppy,0
2021-04-16,436403.3589,low_vol_choppy,0
2021-04-19,436403.3589,low_vol_choppy,0
2021-04-20,436403.3589,low_vol_choppy,0
2021-04-21,436403.3589,low_vol_choppy,0
2021-04-22,436403.3589,low_vol_choppy,0
2021-04-23,436403.3589,low_vol_choppy,0
2021-04-26,436403.3589,low_vol_choppy,0
2021-04-27,436403.3589,low_vol_choppy,0
2021-04-28,436403.3589,low_vol_choppy,0
2021-04-29,436403.3589,low_vol_choppy,0
2021-04-30,436403.3589,low_vol_choppy,0
2021-05-03,436403.3589,low_vol_choppy,0
2021-05-04,436403.3589,low_vol_choppy,0
2021-05-05,436403.3589,low_vol_choppy,1
2021-05-06,449328.7539,low_vol_choppy,1
2021-05-07,449409.3399,low_vol_choppy,1
2021-05-10,449076.6729,low_vol_choppy,1
2021-05-11,448956.68189999997,low_vol_choppy,1
2021-05-12,448570.5129,low_vol_choppy,0
2021-05-13,448570.5129,low_vol_choppy,0
2021-05-14,448570.5129,low_vol_choppy,0
2021-05-17,448570.5129,low_vol_choppy,0
2021-05-18,448570.5129,low_vol_choppy,0
2021-05-19,448570.5129,low_vol_choppy,0
2021-05-20,448570.5129,low_vol_choppy,0
2021-05-21,448570.5129,low_vol_choppy,0
2021-05-24,448570.5129,low_vol_choppy,0
2021-05-25,448570.5129,low_vol_choppy,0
2021-05-26,448570.5129,low_vol_choppy,0
2021-05-27,448570.5129,low_vol_choppy,0
2021-05-28,448570.5129,low_vol_choppy,0
2021-06-01,448570.5129,low_vol_choppy,0
2021-06-02,448570.5129,low_vol_choppy,0
2021-06-03,448570.5129,low_vol_choppy,0
2021-06-04,448570.5129,low_vol_choppy,0
2021-06-07,448570.5129,low_vol_choppy,0
2021-06-08,448570.5129,low_vol_choppy,0
2021-06-09,448570.5129,low_vol_choppy,0
2021-06-10,448570.5129,low_vol_choppy,0
2021-06-11,448570.5129,low_vol_choppy,0
2021-06-14,448570.5129,low_vol_choppy,1
2021-06-15,476044.44889999996,low_vol_choppy,1
2021-06-16,476150.9959,low_vol_choppy,2
2021-06-17,503539.8059,low_vol_choppy,2
2021-06-18,503238.48589999997,low_vol_choppy,2
2021-06-21,503375.3199,low_vol_choppy,2
2021-06-22,504130.1699,low_vol_choppy,2
2021-06-23,504057.9399,low_vol_choppy,2
2021-06-24,503574.02989999996,low_vol_choppy,2
2021-06-25,503140.95989999996,low_vol_choppy,2
2021-06-28,503821.25489999994,low_vol_choppy,2
2021-06-29,504184.97789999994,low_vol_choppy,2
2021-06-30,504256.8049,low_vol_choppy,2
2021-07-01,504265.67089999997,low_vol_choppy,2
2021-07-02,505441.03589999996,low_vol_choppy,2
2021-07-06,507153.22789999994,low_vol_choppy,3
2021-07-07,546727.9069,low_vol_choppy,1
2021-07-08,546378.5578999999,low_vol_choppy,1
2021-07-09,546451.4879,low_vol_choppy,1
2021-07-12,546364.5438999999,low_vol_choppy,1
2021-07-13,546873.3378999999,low_vol_choppy,1
2021-07-14,547086.8369,low_vol_choppy,1
2021-07-15,546880.3448999999,low_vol_choppy,1
2021-07-16,546841.0199,low_vol_choppy,1
2021-07-19,546322.9309,low_vol_choppy,1
2021-07-20,546644.1089,low_vol_choppy,1
2021-07-21,546931.8249,low_vol_choppy,1
2021-07-22,547589.6248999999,low_vol_choppy,1
2021-07-23,548080.1148999999,low_vol_choppy,1
2021-07-26,547994.7439,low_vol_choppy,1
2021-07-27,547645.5379,low_vol_choppy,1
2021-07-28,547601.0649,low_vol_choppy,1
2021-07-29,547639.9609,low_vol_choppy,0
2021-07-30,547639.9609,low_vol_choppy,0
2021-08-02,547639.9609,low_vol_choppy,0
2021-08-03,547639.9609,low_vol_choppy,0
2021-08-04,547639.9609,low_vol_choppy,0
2021-08-05,547639.9609,low_vol_choppy,0
2021-08-06,547639.9609,low_vol_choppy,0
2021-08-09,547639.9609,low_vol_choppy,0
2021-08-10,547639.9609,low_vol_choppy,0
2021-08-11,547639.9609,low_vol_choppy,0
2021-08-12,547639.9609,low_vol_choppy,0
2021-08-13,547639.9609,low_vol_choppy,0
2021-08-16,547639.9609,low_vol_choppy,1
2021-08-17,579368.4169,low_vol_choppy,1
2021-08-18,578559.9288999999,low_vol_choppy,1
2021-08-19,578631.4249,low_vol_choppy,1
2021-08-20,578943.7608999999,low_vol_choppy,2
2021-08-23,604460.0329,low_vol_choppy,2
2021-08-24,604274.4709,low_vol_choppy,2
2021-08-25,603956.1018999999,low_vol_choppy,2
2021-08-26,603539.7169,low_vol_choppy,2
2021-08-27,603817.3648999999,low_vol_choppy,3
2021-08-30,644859.1449,low_vol_choppy,3
2021-08-31,644473.7348999999,low_vol_choppy,4
2021-09-01,669805.2189,low_vol_choppy,4
2021-09-02,669343.8868999999,low_vol_choppy,4
2021-09-03,669711.1619,low_vol_choppy,4
2021-09-07,670509.9619,low_vol_choppy,4
2021-09-08,670131.6908999999,low_vol_choppy,3
2021-09-09,669548.6929,low_vol_choppy,3
2021-09-10,668580.3489,low_vol_choppy,3
2021-09-13,669000.3988999999,low_vol_choppy,2
2021-09-14,669007.0828999999,low_vol_choppy,2
2021-09-15,669711.4469,low_vol_choppy,2
2021-09-16,669575.5229,low_vol_choppy,2
2021-09-17,668617.8149,low_vol_choppy,2
2021-09-20,667276.4308999999,low_vol_choppy,1
2021-09-21,667189.4548999999,low_vol_choppy,1
2021-09-22,667451.5348999999,low_vol_choppy,1
2021-09-23,667710.4468999999,low_vol_choppy,0
2021-09-24,667710.4468999999,low_vol_choppy,0
2021-09-27,667710.4468999999,low_vol_choppy,0
2021-09-28,667710.4468999999,low_vol_choppy,0
2021-09-29,667710.4468999999,low_vol_choppy,0
2021-09-30,667710.4468999999,low_vol_choppy,0
2021-10-01,667710.4468999999,low_vol_choppy,0
2021-10-04,667710.4468999999,low_vol_choppy,0
2021-10-05,667710.4468999999,low_vol_choppy,2
2021-10-06,720252.8368999999,low_vol_choppy,2
2021-10-07,720727.5938999999,low_vol_choppy,2
2021-10-08,720836.0398999999,low_vol_choppy,2
2021-10-11,720612.3078999999,low_vol_choppy,2
2021-10-12,720017.4528999999,low_vol_choppy,2
2021-10-13,720539.5088999999,low_vol_choppy,2
2021-10-14,721800.1248999998,low_vol_choppy,2
2021-10-15,721970.1688999999,low_vol_choppy,3
2021-10-18,739405.5718999999,low_vol_choppy,3
2021-10-19,739564.9438999998,low_vol_choppy,3
2021-10-20,739065.5498999999,low_vol_choppy,3
2021-10-21,739482.2568999999,low_vol_choppy,3
2021-10-22,738018.4218999998,low_vol_choppy,3
2021-10-25,737830.2198999999,low_vol_choppy,3
2021-10-26,738637.3828999999,low_vol_choppy,3
2021-10-27,741209.6668999998,low_vol_choppy,2
2021-10-28,741403.5588999998,low_vol_choppy,1
2021-10-29,741040.2728999999,low_vol_choppy,1
2021-11-01,740774.1048999999,low_vol_choppy,1
2021-11-02,740747.8408999998,low_vol_choppy,1
2021-11-03,741096.9168999998,low_vol_choppy,2
2021-11-04,799724.3528999998,low_vol_choppy,2
2021-11-05,800140.1548999998,low_vol_choppy,2
2021-11-08,799667.2188999999,low_vol_choppy,1
2021-11-09,799810.2408999999,low_vol_choppy,1
2021-11-10,798692.0688999998,low_vol_choppy,1
2021-11-11,798672.3688999999,low_vol_choppy,1
2021-11-12,799493.8588999999,low_vol_choppy,1
2021-11-15,799497.4048999998,low_vol_choppy,1
2021-11-16,799884.7068999999,low_vol_choppy,1
2021-11-17,800844.0968999999,low_vol_choppy,1
2021-11-18,802535.1448999998,low_vol_choppy,1
2021-11-19,803568.2128999998,low_vol_choppy,1
2021-11-22,803749.8468999999,low_vol_choppy,1
2021-11-23,803897.2028999998,low_vol_choppy,1
2021-11-24,804102.4768999999,low_vol_choppy,1
2021-11-26,802124.2028999998,low_vol_choppy,0
2021-11-29,802124.2028999998,low_vol_choppy,0
2021-11-30,802124.2028999998,low_vol_choppy,0
2021-12-01,802124.2028999998,low_vol_choppy,0
2021-12-02,802124.2028999998,low_vol_choppy,0
2021-12-03,802124.2028999998,low_vol_choppy,0
2021-12-06,802124.2028999998,low_vol_choppy,0
2021-12-07,802124.2028999998,low_vol_choppy,0
2021-12-08,802124.2028999998,low_vol_choppy,0
2021-12-09,802124.2028999998,low_vol_choppy,0
2021-12-10,802124.2028999998,low_vol_choppy,0
2021-12-13,802124.2028999998,low_vol_choppy,0
2021-12-14,802124.2028999998,low_vol_choppy,0
2021-12-15,802124.2028999998,low_vol_choppy,0
2021-12-16,802124.2028999998,low_vol_choppy,1
2021-12-17,821060.9828999998,low_vol_choppy,1
2021-12-20,820833.5228999997,low_vol_choppy,1
2021-12-21,821264.8628999998,low_vol_choppy,1
2021-12-22,821610.6428999997,low_vol_choppy,1
2021-12-23,821698.0628999998,low_vol_choppy,1
2021-12-27,822151.6028999998,low_vol_choppy,1
2021-12-28,822081.7628999997,low_vol_choppy,1
2021-12-29,822122.3228999998,low_vol_choppy,1
2021-12-30,821968.7828999998,low_vol_choppy,1
2021-12-31,821793.5228999997,low_vol_choppy,1
2022-01-03,821701.4828999998,low_vol_choppy,1
2022-01-04,821365.7228999998,low_vol_choppy,1
2022-01-05,820627.3628999998,low_vol_choppy,1
2022-01-06,820480.7228999998,low_vol_choppy,1
2022-01-07,820490.2028999998,low_vol_choppy,1
2022-01-10,820503.6428999999,low_vol_choppy,0
2022-01-11,820503.6428999997,low_vol_choppy,0
2022-01-12,820503.6428999997,low_vol_choppy,0
2022-01-13,820503.6428999997,low_vol_choppy,0
2022-01-14,820503.6428999997,low_vol_choppy,0
2022-01-18,820503.6428999997,low_vol_choppy,0
2022-01-19,820503.6428999997,low_vol_choppy,0
2022-01-20,820503.6428999997,low_vol_choppy,0
2022-01-21,820503.6428999997,low_vol_choppy,0
2022-01-24,820503.6428999997,low_vol_choppy,0
2022-01-25,820503.6428999997,low_vol_choppy,0
2022-01-26,820503.6428999997,low_vol_choppy,0
2022-01-27,820503.6428999997,low_vol_choppy,0
2022-01-28,820503.6428999997,low_vol_choppy,1
2022-01-31,833067.8588999998,low_vol_choppy,1
2022-02-01,833203.9388999997,low_vol_choppy,2
2022-02-02,850113.5258999998,low_vol_choppy,2
2022-02-03,848562.7168999998,low_vol_choppy,2
2022-02-04,850164.5278999998,low_vol_choppy,2
2022-02-07,849720.5368999997,low_vol_choppy,2
2022-02-08,850035.3438999997,low_vol_choppy,2
2022-02-09,850267.9178999998,low_vol_choppy,2
2022-02-10,849743.7788999998,low_vol_choppy,2
2022-02-11,848766.9938999998,low_vol_choppy,2
2022-02-14,849066.9258999998,low_vol_choppy,2
2022-02-15,849303.5928999997,low_vol_choppy,2
2022-02-16,849566.7578999997,low_vol_choppy,2
2022-02-17,848681.4258999998,low_vol_choppy,2
2022-02-18,848264.3908999998,low_vol_choppy,2
2022-02-22,847994.9498999998,low_vol_choppy,1
2022-02-23,847739.8798999997,low_vol_choppy,1
2022-02-24,848324.5398999997,low_vol_choppy,0
2022-02-25,848324.5398999997,low_vol_choppy,0
2022-02-28,848324.5398999997,low_vol_choppy,0
2022-03-01,848324.5398999997,low_vol_choppy,0
2022-03-02,848324.5398999997,low_vol_choppy,0
2022-03-03,848324.5398999997,low_vol_choppy,0
2022-03-04,848324.5398999997,low_vol_choppy,0
2022-03-07,848324.5398999997,low_vol_choppy,0
2022-03-08,848324.5398999997,low_vol_choppy,0
2022-03-09,848324.5398999997,low_vol_choppy,0
2022-03-10,848324.5398999997,low_vol_choppy,0
2022-03-11,848324.5398999997,low_vol_choppy,0
2022-03-14,848324.5398999997,low_vol_choppy,2
2022-03-15,873725.4638999997,low_vol_choppy,2
2022-03-16,874627.7078999997,low_vol_choppy,3
2022-03-17,890023.2998999998,low_vol_choppy,3
2022-03-18,890915.5718999997,low_vol_choppy,3
2022-03-21,891066.2558999998,low_vol_choppy,3
2022-03-22,892043.8288999997,low_vol_choppy,3
2022-03-23,891891.3428999997,low_vol_choppy,3
2022-03-24,892575.1168999998,low_vol_choppy,3
2022-03-25,892748.2428999997,low_vol_choppy,3
2022-03-28,893198.5098999997,low_vol_choppy,3
2022-03-29,893637.8568999998,low_vol_choppy,3
2022-03-30,893197.6318999997,low_vol_choppy,3
2022-03-31,892335.8478999997,low_vol_choppy,3
2022-04-01,892458.7978999998,low_vol_choppy,3
2022-04-04,893543.0388999997,low_vol_choppy,3
2022-04-05,892614.8358999997,low_vol_choppy,3
2022-04-06,891456.1748999998,low_vol_choppy,1
2022-04-07,891484.9598999998,low_vol_choppy,1
2022-04-08,891293.6298999997,low_vol_choppy,0
2022-04-11,891293.6298999997,low_vol_choppy,0
2022-04-12,891293.6298999997,low_vol_choppy,0
2022-04-13,891293.6298999997,low_vol_choppy,0
2022-04-14,891293.6298999997,low_vol_choppy,0
2022-04-18,891293.6298999997,low_vol_choppy,0
2022-04-19,891293.6298999997,low_vol_choppy,0
2022-04-20,891293.6298999997,low_vol_choppy,0
2022-04-21,891293.6298999997,low_vol_choppy,0
2022-04-22,891293.6298999997,low_vol_choppy,0
2022-04-25,891293.6298999997,low_vol_choppy,0
2022-04-26,891293.6298999997,low_vol_choppy,0
2022-04-27,891293.6298999997,low_vol_choppy,0
2022-04-28,891293.6298999997,low_vol_choppy,0
2022-04-29,891293.6298999997,low_vol_choppy,0
2022-05-02,891293.6298999997,low_vol_choppy,0
2022-05-03,891293.6298999997,low_vol_choppy,0
2022-05-04,891293.6298999997,low_vol_choppy,0
2022-05-05,891293.6298999997,low_vol_choppy,0
2022-05-06,891293.6298999997,low_vol_choppy,0
2022-05-09,891293.6298999997,low_vol_choppy,0
2022-05-10,891293.6298999997,low_vol_choppy,0
2022-05-11,891293.6298999997,low_vol_choppy,0
2022-05-12,891293.6298999997,low_vol_choppy,0
2022-05-13,891293.6298999997,low_vol_choppy,0
2022-05-16,891293.6298999997,low_vol_choppy,0
2022-05-17,891293.6298999997,low_vol_choppy,0
2022-05-18,891293.6298999997,low_vol_choppy,0
2022-05-19,891293.6298999997,low_vol_choppy,0
2022-05-20,891293.6298999997,low_vol_choppy,0
2022-05-23,891293.6298999997,low_vol_choppy,0
2022-05-24,891293.6298999997,low_vol_choppy,0
2022-05-25,891293.6298999997,low_vol_choppy,0
2022-05-26,891293.6298999997,low_vol_choppy,0
2022-05-27,891293.6298999997,low_vol_choppy,0
2022-05-31,891293.6298999997,low_vol_choppy,0
2022-06-01,891293.6298999997,low_vol_choppy,0
2022-06-02,891293.6298999997,low_vol_choppy,0
2022-06-03,891293.6298999997,low_vol_choppy,0
2022-06-06,891293.6298999997,low_vol_choppy,0
2022-06-07,891293.6298999997,low_vol_choppy,0
2022-06-08,891293.6298999997,low_vol_choppy,0
2022-06-09,891293.6298999997,low_vol_choppy,0
2022-06-10,891293.6298999997,low_vol_choppy,0
2022-06-13,891293.6298999997,low_vol_choppy,0
2022-06-14,891293.6298999997,low_vol_choppy,0
2022-06-15,891293.6298999997,low_vol_choppy,0
2022-06-16,891293.6298999997,low_vol_choppy,0
2022-06-17,891293.6298999997,low_vol_choppy,0
2022-06-21,891293.6298999997,low_vol_choppy,0
2022-06-22,891293.6298999997,low_vol_choppy,0
2022-06-23,891293.6298999997,low_vol_choppy,0
2022-06-24,891293.6298999997,low_vol_choppy,0
2022-06-27,891293.6298999997,low_vol_choppy,0
2022-06-28,891293.6298999997,low_vol_choppy,0
2022-06-29,891293.6298999997,low_vol_choppy,0
2022-06-30,891293.6298999997,low_vol_choppy,0
2022-07-01,891293.6298999997,low_vol_choppy,0
2022-07-05,891293.6298999997,low_vol_choppy,0
2022-07-06,891293.6298999997,low_vol_choppy,0
2022-07-07,891293.6298999997,low_vol_choppy,0
2022-07-08,891293.6298999997,low_vol_choppy,0
2022-07-11,891293.6298999997,low_vol_choppy,0
2022-07-12,891293.6298999997,low_vol_choppy,0
2022-07-13,891293.6298999997,low_vol_choppy,0
2022-07-14,891293.6298999997,low_vol_choppy,0
2022-07-15,891293.6298999997,low_vol_choppy,0
2022-07-18,891293.6298999997,low_vol_choppy,0
2022-07-19,891293.6298999997,low_vol_choppy,0
2022-07-20,891293.6298999997,low_vol_choppy,0
2022-07-21,891293.6298999997,low_vol_choppy,0
2022-07-22,891293.6298999997,low_vol_choppy,0
2022-07-25,891293.6298999997,low_vol_choppy,0
2022-07-26,891293.6298999997,low_vol_choppy,0
2022-07-27,891293.6298999997,low_vol_choppy,0
2022-07-28,891293.6298999997,low_vol_choppy,0
2022-07-29,891293.6298999997,low_vol_choppy,1
2022-08-01,918101.4238999997,low_vol_choppy,1
2022-08-02,917852.3178999997,low_vol_choppy,1
2022-08-03,918868.5148999997,low_vol_choppy,1
2022-08-04,918815.1108999997,low_vol_choppy,1
2022-08-05,918776.7478999997,low_vol_choppy,1
2022-08-08,918697.1488999997,low_vol_choppy,1
2022-08-09,918705.5988999997,low_vol_choppy,1
2022-08-10,919423.5108999998,low_vol_choppy,1
2022-08-11,919298.9578999997,low_vol_choppy,1
2022-08-12,919898.9078999998,low_vol_choppy,1
2022-08-15,920079.9068999997,low_vol_choppy,1
2022-08-16,920053.5428999998,low_vol_choppy,1
2022-08-17,920306.1978999997,low_vol_choppy,1
2022-08-18,920239.6118999997,low_vol_choppy,1
2022-08-19,919802.5778999997,low_vol_choppy,1
2022-08-22,919145.6748999998,low_vol_choppy,0
2022-08-23,919145.6748999998,low_vol_choppy,0
2022-08-24,919145.6748999998,low_vol_choppy,0
2022-08-25,919145.6748999998,low_vol_choppy,0
2022-08-26,919145.6748999998,low_vol_choppy,0
2022-08-29,919145.6748999998,low_vol_choppy,0
2022-08-30,919145.6748999998,low_vol_choppy,0
2022-08-31,919145.6748999998,low_vol_choppy,0
2022-09-01,919145.6748999998,low_vol_choppy,0
2022-09-02,919145.6748999998,low_vol_choppy,0
2022-09-06,919145.6748999998,low_vol_choppy,0
2022-09-07,919145.6748999998,low_vol_choppy,0
2022-09-08,919145.6748999998,low_vol_choppy,0
2022-09-09,919145.6748999998,low_vol_choppy,0
2022-09-12,919145.6748999998,low_vol_choppy,0
2022-09-13,919145.6748999998,low_vol_choppy,0
2022-09-14,919145.6748999998,low_vol_choppy,0
2022-09-15,919145.6748999998,low_vol_choppy,0
2022-09-16,919145.6748999998,low_vol_choppy,0
2022-09-19,919145.6748999998,low_vol_choppy,0
2022-09-20,919145.6748999998,low_vol_choppy,0
2022-09-21,919145.6748999998,low_vol_choppy,0
2022-09-22,919145.6748999998,low_vol_choppy,0
2022-09-23,919145.6748999998,low_vol_choppy,0
2022-09-26,919145.6748999998,low_vol_choppy,0
2022-09-27,919145.6748999998,low_vol_choppy,0
2022-09-28,919145.6748999998,low_vol_choppy,0
2022-09-29,919145.6748999998,low_vol_choppy,0
2022-09-30,919145.6748999998,low_vol_choppy,0
2022-10-03,919145.6748999998,low_vol_choppy,0
2022-10-04,919145.6748999998,low_vol_choppy,0
2022-10-05,919145.6748999998,low_vol_choppy,0
2022-10-06,919145.6748999998,low_vol_choppy,0
2022-10-07,919145.6748999998,low_vol_choppy,0
2022-10-10,919145.6748999998,low_vol_choppy,0
2022-10-11,919145.6748999998,low_vol_choppy,0
2022-10-12,919145.6748999998,low_vol_choppy,0
2022-10-13,919145.6748999998,low_vol_choppy,0
2022-10-14,919145.6748999998,low_vol_choppy,0
2022-10-17,919145.6748999998,low_vol_choppy,0
2022-10-18,919145.6748999998,low_vol_choppy,0
2022-10-19,919145.6748999998,low_vol_choppy,0
2022-10-20,919145.6748999998,low_vol_choppy,0
2022-10-21,919145.6748999998,low_vol_choppy,0
2022-10-24,919145.6748999998,low_vol_choppy,0
2022-10-25,919145.6748999998,low_vol_choppy,0
2022-10-26,919145.6748999998,low_vol_choppy,0
2022-10-27,919145.6748999998,low_vol_choppy,0
2022-10-28,919145.6748999998,low_vol_choppy,0
2022-10-31,919145.6748999998,low_vol_choppy,0
2022-11-01,919145.6748999998,low_vol_choppy,0
2022-11-02,919145.6748999998,low_vol_choppy,0
2022-11-03,919145.6748999998,low_vol_choppy,0
2022-11-04,919145.6748999998,low_vol_choppy,0
2022-11-07,919145.6748999998,low_vol_choppy,0
2022-11-08,919145.6748999998,low_vol_choppy,0
2022-11-09,919145.6748999998,low_vol_choppy,0
2022-11-10,919145.6748999998,low_vol_choppy,0
2022-11-11,919145.6748999998,low_vol_choppy,0
2022-11-14,919145.6748999998,low_vol_choppy,0
2022-11-15,919145.6748999998,low_vol_choppy,0
2022-11-16,919145.6748999998,low_vol_choppy,0
2022-11-17,919145.6748999998,low_vol_choppy,0
2022-11-18,919145.6748999998,low_vol_choppy,0
2022-11-21,919145.6748999998,low_vol_choppy,0
2022-11-22,919145.6748999998,low_vol_choppy,0
2022-11-23,919145.6748999998,low_vol_choppy,0
2022-11-25,919145.6748999998,low_vol_choppy,0
2022-11-28,919145.6748999998,low_vol_choppy,0
2022-11-29,919145.6748999998,low_vol_choppy,0
2022-11-30,919145.6748999998,low_vol_choppy,0
2022-12-01,919145.6748999998,low_vol_choppy,0
2022-12-02,919145.6748999998,low_vol_choppy,0
2022-12-05,919145.6748999998,low_vol_choppy,0
2022-12-06,919145.6748999998,low_vol_choppy,0
2022-12-07,919145.6748999998,low_vol_choppy,0
2022-12-08,919145.6748999998,low_vol_choppy,0
2022-12-09,919145.6748999998,low_vol_choppy,0
2022-12-12,919145.6748999998,low_vol_choppy,0
2022-12-13,919145.6748999998,low_vol_choppy,0
2022-12-14,919145.6748999998,low_vol_choppy,0
2022-12-15,919145.6748999998,low_vol_choppy,0
2022-12-16,919145.6748999998,low_vol_choppy,0
2022-12-19,919145.6748999998,low_vol_choppy,0
2022-12-20,919145.6748999998,low_vol_choppy,0
2022-12-21,919145.6748999998,low_vol_choppy,0
2022-12-22,919145.6748999998,low_vol_choppy,0
2022-12-23,919145.6748999998,low_vol_choppy,0
2022-12-27,919145.6748999998,low_vol_choppy,0
2022-12-28,919145.6748999998,low_vol_choppy,0
2022-12-29,919145.6748999998,low_vol_choppy,0
2022-12-30,919145.6748999998,low_vol_choppy,0
2023-01-03,919145.6748999998,low_vol_choppy,0
2023-01-04,919145.6748999998,low_vol_choppy,0
2023-01-05,919145.6748999998,low_vol_choppy,0
2023-01-06,919145.6748999998,low_vol_choppy,0
2023-01-09,919145.6748999998,low_vol_choppy,0
2023-01-10,919145.6748999998,low_vol_choppy,0
2023-01-11,919145.6748999998,low_vol_choppy,1
2023-01-12,937342.2448999997,low_vol_choppy,1
2023-01-13,937886.5948999998,low_vol_choppy,1
2023-01-17,937491.2248999998,low_vol_choppy,1
2023-01-18,937378.5348999997,low_vol_choppy,1
2023-01-19,937038.5548999998,low_vol_choppy,1
2023-01-20,937720.4248999998,low_vol_choppy,2
2023-01-23,967203.1268999998,low_vol_choppy,2
2023-01-24,966357.5364999997,low_vol_choppy,2
2023-01-25,965790.3804999997,low_vol_choppy,2
2023-01-26,966858.3340999997,low_vol_choppy,2
2023-01-27,967980.8004999998,low_vol_choppy,2
2023-01-30,966941.3352999998,low_vol_choppy,2
2023-01-31,967994.4728999997,low_vol_choppy,2
2023-02-01,968849.1568999997,low_vol_choppy,2
2023-02-02,972487.0848999998,low_vol_choppy,2
2023-02-03,969795.8608999997,low_vol_choppy,1
2023-02-06,969241.4528999997,low_vol_choppy,1
2023-02-07,970639.7568999997,low_vol_choppy,1
2023-02-08,968200.4504999997,low_vol_choppy,1
2023-02-09,966914.5376999998,low_vol_choppy,1
2023-02-10,966784.7712999998,low_vol_choppy,1
2023-02-13,966796.5816999997,low_vol_choppy,0
2023-02-14,966796.5816999997,low_vol_choppy,0
2023-02-15,966796.5816999997,low_vol_choppy,0
2023-02-16,966796.5816999997,low_vol_choppy,0
2023-02-17,966796.5816999997,low_vol_choppy,0
2023-02-21,966796.5816999997,low_vol_choppy,0
2023-02-22,966796.5816999997,low_vol_choppy,0
2023-02-23,966796.5816999997,low_vol_choppy,0
2023-02-24,966796.5816999997,low_vol_choppy,0
2023-02-27,966796.5816999997,low_vol_choppy,0
2023-02-28,966796.5816999997,low_vol_choppy,0
2023-03-01,966796.5816999997,low_vol_choppy,0
2023-03-02,966796.5816999997,low_vol_choppy,0
2023-03-03,966796.5816999997,low_vol_choppy,0
2023-03-06,966796.5816999997,low_vol_choppy,1
2023-03-07,988036.3736999998,low_vol_choppy,1
2023-03-08,988214.1576999997,low_vol_choppy,1
2023-03-09,987894.6576999997,low_vol_choppy,1
2023-03-10,987601.8536999997,low_vol_choppy,1
2023-03-13,987877.7596999997,low_vol_choppy,1
2023-03-14,988174.9656999997,low_vol_choppy,1
2023-03-15,988231.0556999998,low_vol_choppy,1
2023-03-16,988631.6376999997,low_vol_choppy,2
2023-03-17,1007649.3166999997,low_vol_choppy,2
2023-03-20,1007910.1616999997,low_vol_choppy,2
2023-03-21,1008870.4146999997,low_vol_choppy,2
2023-03-22,1008375.2076999998,low_vol_choppy,2
2023-03-23,1008949.2356999997,low_vol_choppy,2
2023-03-24,1009104.3526999997,low_vol_choppy,2
2023-03-27,1008267.1636999998,low_vol_choppy,2
2023-03-28,1007909.5146999997,low_vol_choppy,2
2023-03-29,1008414.4416999997,low_vol_choppy,1
2023-03-30,1008320.1306999997,low_vol_choppy,1
2023-03-31,1008855.1896999998,low_vol_choppy,1
2023-04-03,1008973.6926999998,low_vol_choppy,1
2023-04-04,1009041.3546999998,low_vol_choppy,1
2023-04-05,1008994.4826999998,low_vol_choppy,1
2023-04-06,1009738.1976999998,low_vol_choppy,1
2023-04-10,1009365.3006999998,low_vol_choppy,0
2023-04-11,1009365.3006999998,low_vol_choppy,0
2023-04-12,1009365.3006999998,low_vol_choppy,0
2023-04-13,1009365.3006999998,low_vol_choppy,0
2023-04-14,1009365.3006999998,low_vol_choppy,1
2023-04-17,1049794.7566999998,low_vol_choppy,1
2023-04-18,1050098.5566999998,low_vol_choppy,1
2023-04-19,1050382.0206999998,low_vol_choppy,1
2023-04-20,1050142.4526999998,low_vol_choppy,1
2023-04-21,1049743.4206999997,low_vol_choppy,2
2023-04-24,1070636.7166999998,low_vol_choppy,2
2023-04-25,1069541.1086999997,low_vol_choppy,2
2023-04-26,1070010.9886999996,low_vol_choppy,2
2023-04-27,1072097.7007,low_vol_choppy,2
2023-04-28,1071551.9246999999,low_vol_choppy,2
2023-05-01,1070863.7007,low_vol_choppy,2
2023-05-02,1070916.2046999997,low_vol_choppy,2
2023-05-03,1070653.2766999998,low_vol_choppy,2
2023-05-04,1070316.1486999998,low_vol_choppy,2
2023-05-05,1072543.9286999998,low_vol_choppy,2
2023-05-08,1072561.1166999997,low_vol_choppy,2
2023-05-09,1097798.5527,low_vol_choppy,2
2023-05-10,1098758.6046999996,low_vol_choppy,3
2023-05-11,1138203.2726999996,low_vol_choppy,3
2023-05-12,1138004.1046999998,low_vol_choppy,3
2023-05-15,1137780.4286999998,low_vol_choppy,2
2023-05-16,1138785.0686999997,low_vol_choppy,2
2023-05-17,1139320.6566999997,low_vol_choppy,2
2023-05-18,1140332.2286999996,low_vol_choppy,2
2023-05-19,1140325.0286999997,low_vol_choppy,2
2023-05-22,1140950.9926999996,low_vol_choppy,2
2023-05-23,1139731.5406999998,low_vol_choppy,2
2023-05-24,1139216.3486999997,low_vol_choppy,2
2023-05-25,1140248.4806999997,low_vol_choppy,2
2023-05-26,1140983.3486999997,low_vol_choppy,4
2023-05-30,1208143.0106999998,low_vol_choppy,4
2023-05-31,1207287.4566999997,low_vol_choppy,3
2023-06-01,1208540.1726999995,low_vol_choppy,3
2023-06-02,1209510.7126999996,low_vol_choppy,2
2023-06-05,1209774.4546999997,low_vol_choppy,2
2023-06-06,1209703.5486999995,low_vol_choppy,2
2023-06-07,1207324.6526999995,low_vol_choppy,2
2023-06-08,1208127.6766999995,low_vol_choppy,2
2023-06-09,1208187.9126999995,low_vol_choppy,2
2023-06-12,1209446.5286999997,low_vol_choppy,2
2023-06-13,1209795.8126999997,low_vol_choppy,2
2023-06-14,1210168.3046999995,low_vol_choppy,2
2023-06-15,1211760.9626999996,low_vol_choppy,3
2023-06-16,1294400.6636999995,low_vol_choppy,3
2023-06-20,1293435.1486999996,low_vol_choppy,1
2023-06-21,1293008.2936999993,low_vol_choppy,1
2023-06-22,1293307.4236999995,low_vol_choppy,1
2023-06-23,1292678.7436999993,low_vol_choppy,1
2023-06-26,1292341.1986999994,low_vol_choppy,1
2023-06-27,1293242.6836999995,low_vol_choppy,1
2023-06-28,1293284.6086999993,low_vol_choppy,1
2023-06-29,1293612.0136999993,low_vol_choppy,1
2023-06-30,1294597.1536999994,low_vol_choppy,2
2023-07-03,1375318.2876999993,low_vol_choppy,2
2023-07-05,1374719.7526999994,low_vol_choppy,2
2023-07-06,1374259.0596999994,low_vol_choppy,2
2023-07-07,1373574.6906999995,low_vol_choppy,2
2023-07-10,1372918.3716999993,low_vol_choppy,1
2023-07-11,1372697.0436999993,low_vol_choppy,1
2023-07-12,1373405.1236999994,low_vol_choppy,1
2023-07-13,1373727.7876999993,low_vol_choppy,2
2023-07-14,1402907.4266999993,low_vol_choppy,2
2023-07-17,1404110.5316999992,low_vol_choppy,2
2023-07-18,1403795.3166999994,low_vol_choppy,3
2023-07-19,1433100.0656999992,low_vol_choppy,3
2023-07-20,1430943.5086999992,low_vol_choppy,3
2023-07-21,1430381.3576999994,low_vol_choppy,3
2023-07-24,1431181.5386999992,low_vol_choppy,2
2023-07-25,1431820.928699999,low_vol_choppy,2
2023-07-26,1432376.1866999993,low_vol_choppy,1
2023-07-27,1432406.4766999993,low_vol_choppy,1
2023-07-28,1433144.8536999994,low_vol_choppy,1
2023-07-31,1433177.0076999993,low_vol_choppy,1
2023-08-01,1432905.5626999994,low_vol_choppy,1
2023-08-02,1432169.5156999994,low_vol_choppy,1
2023-08-03,1432185.8256999992,low_vol_choppy,1
2023-08-04,1432106.8386999993,low_vol_choppy,1
2023-08-07,1432900.9026999993,low_vol_choppy,0
2023-08-08,1432900.9026999993,low_vol_choppy,0
2023-08-09,1432900.9026999993,low_vol_choppy,0
2023-08-10,1432900.9026999993,low_vol_choppy,0
2023-08-11,1432900.9026999993,low_vol_choppy,1
2023-08-14,1496818.1826999993,low_vol_choppy,1
2023-08-15,1496102.1426999993,low_vol_choppy,1
2023-08-16,1495788.5826999992,low_vol_choppy,1
2023-08-17,1494873.4626999993,low_vol_choppy,1
2023-08-18,1495047.7026999993,low_vol_choppy,1
2023-08-21,1495528.3026999992,low_vol_choppy,1
2023-08-22,1496024.0226999994,low_vol_choppy,1
2023-08-23,1497408.5826999992,low_vol_choppy,1
2023-08-24,1495721.2626999994,low_vol_choppy,1
2023-08-25,1496515.4226999993,low_vol_choppy,1
2023-08-28,1497077.7426999994,low_vol_choppy,1
2023-08-29,1498477.7826999992,low_vol_choppy,1
2023-08-30,1499734.5426999992,low_vol_choppy,1
2023-08-31,1499813.7426999994,low_vol_choppy,1
2023-09-01,1500379.6626999993,low_vol_choppy,1
2023-09-05,1500465.3426999992,low_vol_choppy,0
2023-09-06,1500465.3426999992,low_vol_choppy,0
2023-09-07,1500465.3426999992,low_vol_choppy,0
2023-09-08,1500465.3426999992,low_vol_choppy,0
2023-09-11,1500465.3426999992,low_vol_choppy,0
2023-09-12,1500465.3426999992,low_vol_choppy,0
2023-09-13,1500465.3426999992,low_vol_choppy,0
2023-09-14,1500465.3426999992,low_vol_choppy,0
2023-09-15,1500465.3426999992,low_vol_choppy,0
2023-09-18,1500465.3426999992,low_vol_choppy,0
2023-09-19,1500465.3426999992,low_vol_choppy,0
2023-09-20,1500465.3426999992,low_vol_choppy,0
2023-09-21,1500465.3426999992,low_vol_choppy,0
2023-09-22,1500465.3426999992,low_vol_choppy,0
2023-09-25,1500465.3426999992,low_vol_choppy,0
2023-09-26,1500465.3426999992,low_vol_choppy,0
2023-09-27,1500465.3426999992,low_vol_choppy,0
2023-09-28,1500465.3426999992,low_vol_choppy,0
2023-09-29,1500465.3426999992,low_vol_choppy,0
2023-10-02,1500465.3426999992,low_vol_choppy,0
2023-10-03,1500465.3426999992,low_vol_choppy,0
2023-10-04,1500465.3426999992,low_vol_choppy,0
2023-10-05,1500465.3426999992,low_vol_choppy,0
2023-10-06,1500465.3426999992,low_vol_choppy,1
2023-10-09,1553065.3306999991,low_vol_choppy,1
2023-10-10,1552837.5156999992,low_vol_choppy,1
2023-10-11,1553480.2276999992,low_vol_choppy,1
2023-10-12,1553279.1386999993,low_vol_choppy,1
2023-10-13,1552732.0606999993,low_vol_choppy,1
2023-10-16,1553515.0036999993,low_vol_choppy,1
2023-10-17,1553422.5896999992,low_vol_choppy,1
2023-10-18,1553111.5376999993,low_vol_choppy,1
2023-10-19,1553304.7376999992,low_vol_choppy,1
2023-10-20,1552563.0106999993,low_vol_choppy,1
2023-10-23,1552985.6356999993,low_vol_choppy,1
2023-10-24,1553178.6746999992,low_vol_choppy,1
2023-10-25,1554795.9196999993,low_vol_choppy,1
2023-10-26,1552757.6596999993,low_vol_choppy,1
2023-10-27,1553063.7206999992,low_vol_choppy,1
2023-10-30,1554260.1116999993,low_vol_choppy,0
2023-10-31,1554260.1116999993,low_vol_choppy,0
2023-11-01,1554260.1116999993,low_vol_choppy,2
2023-11-02,1704301.9886999994,low_vol_choppy,2
2023-11-03,1704203.3306999994,low_vol_choppy,2
2023-11-06,1706240.1146999993,low_vol_choppy,2
2023-11-07,1708312.9326999993,low_vol_choppy,2
2023-11-08,1709276.4376999992,low_vol_choppy,2
2023-11-09,1708703.3836999992,low_vol_choppy,2
2023-11-10,1712353.2586999992,low_vol_choppy,2
2023-11-13,1711016.6406999994,low_vol_choppy,2
2023-11-14,1713077.9536999993,low_vol_choppy,2
2023-11-15,1713455.1546999994,low_vol_choppy,2
2023-11-16,1715236.8226999994,low_vol_choppy,1
2023-11-17,1714552.847699999,low_vol_choppy,1
2023-11-20,1715374.053699999,low_vol_choppy,1
2023-11-21,1714901.320699999,low_vol_choppy,1
2023-11-22,1715418.5256999992,low_vol_choppy,1
2023-11-24,1715372.9636999993,low_vol_choppy,0
2023-11-27,1715372.9636999993,low_vol_choppy,0
2023-11-28,1715372.9636999993,low_vol_choppy,0
2023-11-29,1715372.9636999993,low_vol_choppy,0
2023-11-30,1715372.9636999993,low_vol_choppy,0
2023-12-01,1715372.9636999993,low_vol_choppy,0
2023-12-04,1715372.9636999993,low_vol_choppy,0
2023-12-05,1715372.9636999993,low_vol_choppy,0
2023-12-06,1715372.9636999993,low_vol_choppy,0
2023-12-07,1715372.9636999993,low_vol_choppy,1
2023-12-08,1769442.7676999993,low_vol_choppy,1
2023-12-11,1768762.1816999994,low_vol_choppy,1
2023-12-12,1768453.8476999993,low_vol_choppy,1
2023-12-13,1768473.9476999992,low_vol_choppy,2
2023-12-14,1893166.0196999994,low_vol_choppy,2
2023-12-15,1893224.7956999992,low_vol_choppy,2
2023-12-18,1895208.1016999993,low_vol_choppy,2
2023-12-19,1896311.3456999992,low_vol_choppy,2
2023-12-20,1895239.7936999993,low_vol_choppy,2
2023-12-21,1897253.3096999992,low_vol_choppy,2
2023-12-22,1897934.0216999992,low_vol_choppy,2
2023-12-26,1898477.7116999992,low_vol_choppy,2
2023-12-27,1898245.1696999993,low_vol_choppy,2
2023-12-28,1898237.2196999993,low_vol_choppy,2
2023-12-29,1897654.0136999993,low_vol_choppy,2
2024-01-02,1896338.5256999992,low_vol_choppy,1
2024-01-03,1895312.5256999994,low_vol_choppy,1
2024-01-04,1894911.3056999994,low_vol_choppy,1
2024-01-05,1895081.4056999993,low_vol_choppy,0
2024-01-08,1895081.4056999993,low_vol_choppy,0
2024-01-09,1895081.4056999993,low_vol_choppy,1
2024-01-10,2017185.9816999994,low_vol_choppy,2
2024-01-11,2106330.951699999,low_vol_choppy,2
2024-01-12,2106224.3056999994,low_vol_choppy,2
2024-01-16,2103880.4696999993,low_vol_choppy,2
2024-01-17,2102420.2156999996,low_vol_choppy,2
2024-01-18,2107355.5356999994,low_vol_choppy,2
2024-01-19,2110339.0016999994,low_vol_choppy,4
2024-01-22,2473768.5006999993,low_vol_choppy,4
2024-01-23,2477684.8386999993,low_vol_choppy,4
2024-01-24,2481391.5746999993,low_vol_choppy,4
2024-01-25,2486153.298699999,low_vol_choppy,4
2024-01-26,2485609.974699999,low_vol_choppy,4
2024-01-29,2490861.3736999994,low_vol_choppy,4
2024-01-30,2484441.2706999993,low_vol_choppy,4
2024-01-31,2462370.471699999,low_vol_choppy,3
2024-02-01,2469681.414699999,low_vol_choppy,2
2024-02-02,2480921.2796999994,low_vol_choppy,1
2024-02-05,2477919.0326999994,low_vol_choppy,1
2024-02-06,2477832.6956999996,low_vol_choppy,1
2024-02-07,2482446.5666999994,low_vol_choppy,1
2024-02-08,2482479.1466999995,low_vol_choppy,1
2024-02-09,2485949.4596999995,low_vol_choppy,1
2024-02-12,2483098.7096999995,low_vol_choppy,0
2024-02-13,2483098.7096999995,low_vol_choppy,0
2024-02-14,2483098.7096999995,low_vol_choppy,0
2024-02-15,2483098.7096999995,low_vol_choppy,0
2024-02-16,2483098.7096999995,low_vol_choppy,0
2024-02-20,2483098.7096999995,low_vol_choppy,0
2024-02-21,2483098.7096999995,low_vol_choppy,0
2024-02-22,2483098.7096999995,low_vol_choppy,0
2024-02-23,2483098.7096999995,low_vol_choppy,0
2024-02-26,2483098.7096999995,low_vol_choppy,0
2024-02-27,2483098.7096999995,low_vol_choppy,0
2024-02-28,2483098.7096999995,low_vol_choppy,0
2024-02-29,2483098.7096999995,low_vol_choppy,0
2024-03-01,2483098.7096999995,low_vol_choppy,0
2024-03-04,2483098.7096999995,low_vol_choppy,1
2024-03-05,2559372.9166999995,low_vol_choppy,1
2024-03-06,2558642.4346999996,low_vol_choppy,1
2024-03-07,2560356.1246999996,low_vol_choppy,1
2024-03-08,2560948.1266999994,low_vol_choppy,1
2024-03-11,2562247.5306999995,low_vol_choppy,2
2024-03-12,2712042.3726999997,low_vol_choppy,2
2024-03-13,2710973.6906999997,low_vol_choppy,2
2024-03-14,2714490.0776999993,low_vol_choppy,3
2024-03-15,2837285.9866999993,low_vol_choppy,3
2024-03-18,2842240.9636999993,low_vol_choppy,3
2024-03-19,2845119.7506999997,low_vol_choppy,3
2024-03-20,2849475.1196999997,low_vol_choppy,3
2024-03-21,2843762.8956999993,low_vol_choppy,3
2024-03-22,2846181.0996999997,low_vol_choppy,2
2024-03-25,2843195.6267,low_vol_choppy,2
2024-03-26,2841851.8877,low_vol_choppy,2
2024-03-27,2844888.2177,low_vol_choppy,2
2024-03-28,2843099.4826999996,low_vol_choppy,2
2024-04-01,2842999.4296999997,low_vol_choppy,2
2024-04-02,2841038.9406999997,low_vol_choppy,2
2024-04-03,2841441.5476999995,low_vol_choppy,1
2024-04-04,2840675.0476999995,low_vol_choppy,1
2024-04-05,2842954.1476999996,low_vol_choppy,1
2024-04-08,2842697.3477,low_vol_choppy,0
2024-04-09,2842697.3477,low_vol_choppy,0
2024-04-10,2842697.3477,low_vol_choppy,0
2024-04-11,2842697.3477,low_vol_choppy,1
2024-04-12,2919225.2246999997,low_vol_choppy,1
2024-04-15,2917552.3887,low_vol_choppy,1
2024-04-16,2916117.2807,low_vol_choppy,1
2024-04-17,2915519.0277,low_vol_choppy,1
2024-04-18,2915103.0037,low_vol_choppy,1
2024-04-19,2914188.7997,low_vol_choppy,1
2024-04-22,2914583.4107,low_vol_choppy,1
2024-04-23,2915042.2607,low_vol_choppy,1
2024-04-24,2915961.7087,low_vol_choppy,1
2024-04-25,2916339.2767,low_vol_choppy,1
2024-04-26,2916082.7577,low_vol_choppy,1
2024-04-29,2917903.2997,low_vol_choppy,1
2024-04-30,2916528.9346999996,low_vol_choppy,1
2024-05-01,2916082.7577,low_vol_choppy,1
2024-05-02,2917699.6577,low_vol_choppy,3
2024-05-03,3101052.6977,low_vol_choppy,3
2024-05-06,3103167.3386999997,low_vol_choppy,2
2024-05-07,3101881.4066999997,low_vol_choppy,2
2024-05-08,3102038.8547,low_vol_choppy,2
2024-05-09,3103015.5947,low_vol_choppy,2
2024-05-10,3103194.2947,low_vol_choppy,2
2024-05-13,3102620.7087,low_vol_choppy,2
2024-05-14,3103643.2967,low_vol_choppy,2
2024-05-15,3105597.1607,low_vol_choppy,2
2024-05-16,3104280.0086999997,low_vol_choppy,2
2024-05-17,3104340.0826999997,low_vol_choppy,2
2024-05-20,3105606.4346999996,low_vol_choppy,2
2024-05-21,3106645.7846999997,low_vol_choppy,2
2024-05-22,3107100.3246999998,low_vol_choppy,2
2024-05-23,3105417.8126999997,low_vol_choppy,2
2024-05-24,3106314.7767,low_vol_choppy,2
2024-05-28,3106760.8967,low_vol_choppy,0
2024-05-29,3106760.8967,low_vol_choppy,0
2024-05-30,3106760.8967,low_vol_choppy,0
2024-05-31,3106760.8967,low_vol_choppy,0
2024-06-03,3106760.8967,low_vol_choppy,0
2024-06-04,3106760.8967,low_vol_choppy,0
2024-06-05,3106760.8967,low_vol_choppy,0
2024-06-06,3106760.8967,low_vol_choppy,2
2024-06-07,3637408.6567,low_vol_choppy,2
2024-06-10,3644126.7067,low_vol_choppy,2
2024-06-11,3646949.5167,low_vol_choppy,3
2024-06-12,3781174.4007,low_vol_choppy,3
2024-06-13,3777068.6007,low_vol_choppy,3
2024-06-14,3776237.5227,low_vol_choppy,3
2024-06-17,3782524.1107,low_vol_choppy,3
2024-06-18,3777914.3607,low_vol_choppy,3
2024-06-20,3780233.4067,low_vol_choppy,3
2024-06-21,3786009.7567,low_vol_choppy,3
2024-06-24,3779449.4826999996,low_vol_choppy,3
2024-06-25,3783032.1407,low_vol_choppy,3
2024-06-26,3798332.4427,low_vol_choppy,3
2024-06-27,3806276.5867,low_vol_choppy,3
2024-06-28,3793373.2647,low_vol_choppy,3
2024-07-01,3808863.4827,low_vol_choppy,1
2024-07-02,3811017.6347000003,low_vol_choppy,1
2024-07-03,3811801.8027,low_vol_choppy,1
2024-07-05,3814732.7307,low_vol_choppy,0
2024-07-08,3814732.7307,low_vol_choppy,0
2024-07-09,3814732.7307,low_vol_choppy,0
2024-07-10,3814732.7307,low_vol_choppy,0
2024-07-11,3814732.7307,low_vol_choppy,0
2024-07-12,3814732.7307,low_vol_choppy,0
2024-07-15,3814732.7307,low_vol_choppy,0
2024-07-16,3814732.7307,low_vol_choppy,0
2024-07-17,3814732.7307,low_vol_choppy,0
2024-07-18,3814732.7307,low_vol_choppy,0
2024-07-19,3814732.7307,low_vol_choppy,0
2024-07-22,3814732.7307,low_vol_choppy,0
2024-07-23,3814732.7307,low_vol_choppy,0
2024-07-24,3814732.7307,low_vol_choppy,0
2024-07-25,3814732.7307,low_vol_choppy,0
2024-07-26,3814732.7307,low_vol_choppy,0
2024-07-29,3814732.7307,low_vol_choppy,0
2024-07-30,3814732.7307,low_vol_choppy,0
2024-07-31,3814732.7307,low_vol_choppy,0
2024-08-01,3814732.7307,low_vol_choppy,0
2024-08-02,3814732.7307,low_vol_choppy,0
2024-08-05,3814732.7307,low_vol_choppy,0
2024-08-06,3814732.7307,low_vol_choppy,0
2024-08-07,3814732.7307,low_vol_choppy,0
2024-08-08,3814732.7307,low_vol_choppy,0
2024-08-09,3814732.7307,low_vol_choppy,0
2024-08-12,3814732.7307,low_vol_choppy,0
2024-08-13,3814732.7307,low_vol_choppy,0
2024-08-14,3814732.7307,low_vol_choppy,0
2024-08-15,3814732.7307,low_vol_choppy,0
2024-08-16,3814732.7307,low_vol_choppy,0
2024-08-19,3814732.7307,low_vol_choppy,0
2024-08-20,3814732.7307,low_vol_choppy,0
2024-08-21,3814732.7307,low_vol_choppy,0
2024-08-22,3814732.7307,low_vol_choppy,0
2024-08-23,3814732.7307,low_vol_choppy,0
2024-08-26,3814732.7307,low_vol_choppy,0
2024-08-27,3814732.7307,low_vol_choppy,0
2024-08-28,3814732.7307,low_vol_choppy,0
2024-08-29,3814732.7307,low_vol_choppy,0
2024-08-30,3814732.7307,low_vol_choppy,0
2024-09-03,3814732.7307,low_vol_choppy,0
2024-09-04,3814732.7307,low_vol_choppy,0
2024-09-05,3814732.7307,low_vol_choppy,0
2024-09-06,3814732.7307,low_vol_choppy,0
2024-09-09,3814732.7307,low_vol_choppy,0
2024-09-10,3814732.7307,low_vol_choppy,0
2024-09-11,3814732.7307,low_vol_choppy,0
2024-09-12,3814732.7307,low_vol_choppy,0
2024-09-13,3814732.7307,low_vol_choppy,0
2024-09-16,3814732.7307,low_vol_choppy,0
2024-09-17,3814732.7307,low_vol_choppy,0
2024-09-18,3814732.7307,low_vol_choppy,0
2024-09-19,3814732.7307,low_vol_choppy,0
2024-09-20,3814732.7307,low_vol_choppy,0
2024-09-23,3814732.7307,low_vol_choppy,0
2024-09-24,3814732.7307,low_vol_choppy,0
2024-09-25,3814732.7307,low_vol_choppy,0
2024-09-26,3814732.7307,low_vol_choppy,0
2024-09-27,3814732.7307,low_vol_choppy,0
2024-09-30,3814732.7307,low_vol_choppy,0
2024-10-01,3814732.7307,low_vol_choppy,0
2024-10-02,3814732.7307,low_vol_choppy,0
2024-10-03,3814732.7307,low_vol_choppy,0
2024-10-04,3814732.7307,low_vol_choppy,0
2024-10-07,3814732.7307,low_vol_choppy,0
2024-10-08,3814732.7307,low_vol_choppy,0
2024-10-09,3814732.7307,low_vol_choppy,0
2024-10-10,3814732.7307,low_vol_choppy,1
2024-10-11,3992412.3507000003,low_vol_choppy,1
2024-10-14,3991207.8707000003,low_vol_choppy,1
2024-10-15,3991349.0207,low_vol_choppy,1
2024-10-16,3990596.2207000004,low_vol_choppy,1
2024-10-17,3991198.4607,low_vol_choppy,1
2024-10-18,3992572.3207,low_vol_choppy,1
2024-10-21,3992647.6007000003,low_vol_choppy,1
2024-10-22,3993240.4307000004,low_vol_choppy,1
2024-10-23,3988544.8407,low_vol_choppy,1
2024-10-24,3990116.3107000003,low_vol_choppy,1
2024-10-25,3991480.7607,low_vol_choppy,1
2024-10-28,3992007.7207000004,low_vol_choppy,1
2024-10-29,3994303.7607,low_vol_choppy,1
2024-10-30,3996091.6607000004,low_vol_choppy,1
2024-10-31,3990135.1307,low_vol_choppy,1
2024-11-01,4000984.8607,low_vol_choppy,1
2024-11-04,3998961.7107,low_vol_choppy,0
2024-11-05,3998961.7107,low_vol_choppy,2
2024-11-06,4253610.7677,low_vol_choppy,2
2024-11-07,4257049.0207,low_vol_choppy,2
2024-11-08,4254990.562700001,low_vol_choppy,2
2024-11-11,4252860.1957,low_vol_choppy,2
2024-11-12,4255624.0957,low_vol_choppy,2
2024-11-13,4259778.3277,low_vol_choppy,2
2024-11-14,4258423.3097,low_vol_choppy,2
2024-11-15,4249143.6577,low_vol_choppy,2
2024-11-18,4248719.0537,low_vol_choppy,2
2024-11-19,4251264.9857,low_vol_choppy,2
2024-11-20,4249460.250700001,low_vol_choppy,2
2024-11-21,4245881.8207,low_vol_choppy,2
2024-11-22,4246116.3907,low_vol_choppy,2
2024-11-25,4249577.6907,low_vol_choppy,2
2024-11-26,4256450.5807,low_vol_choppy,2
2024-11-27,4253654.9007,low_vol_choppy,2
2024-11-29,4255261.7407,low_vol_choppy,0
2024-12-02,4255261.7407,low_vol_choppy,0
2024-12-03,4255261.7407,low_vol_choppy,0
2024-12-04,4255261.7407,low_vol_choppy,0
2024-12-05,4255261.7407,low_vol_choppy,0
2024-12-06,4255261.7407,low_vol_choppy,0
2024-12-09,4255261.7407,low_vol_choppy,0
2024-12-10,4255261.7407,low_vol_choppy,0
2024-12-11,4255261.7407,low_vol_choppy,0
2024-12-12,4255261.7407,low_vol_choppy,0
2024-12-13,4255261.7407,low_vol_choppy,0
2024-12-16,4255261.7407,low_vol_choppy,0
2024-12-17,4255261.7407,low_vol_choppy,0
2024-12-18,4255261.7407,low_vol_choppy,0
2024-12-19,4255261.7407,low_vol_choppy,0
2024-12-20,4255261.7407,low_vol_choppy,0
2024-12-23,4255261.7407,low_vol_choppy,0
2024-12-24,4255261.7407,low_vol_choppy,0
2024-12-26,4255261.7407,low_vol_choppy,0
2024-12-27,4255261.7407,low_vol_choppy,0
2024-12-30,4255261.7407,low_vol_choppy,0
2024-12-31,4255261.7407,low_vol_choppy,0
2025-01-02,4255261.7407,low_vol_choppy,0
2025-01-03,4255261.7407,low_vol_choppy,0
2025-01-06,4255261.7407,low_vol_choppy,0
2025-01-07,4255261.7407,low_vol_choppy,0
2025-01-08,4255261.7407,low_vol_choppy,0
2025-01-10,4255261.7407,low_vol_choppy,0
2025-01-13,4255261.7407,low_vol_choppy,0
2025-01-14,4255261.7407,low_vol_choppy,0
2025-01-15,4255261.7407,low_vol_choppy,0
2025-01-16,4255261.7407,low_vol_choppy,0
2025-01-17,4255261.7407,low_vol_choppy,1
2025-01-21,4342239.4107,low_vol_choppy,1
2025-01-22,4343860.5106999995,low_vol_choppy,3
2025-01-23,4662344.5687,low_vol_choppy,3
2025-01-24,4660635.3787,low_vol_choppy,3
2025-01-27,4664496.7007,low_vol_choppy,3
2025-01-28,4676355.9987,low_vol_choppy,3
2025-01-29,4675592.1787,low_vol_choppy,3
2025-01-30,4665681.9807,low_vol_choppy,2
2025-01-31,4665428.6887,low_vol_choppy,2
2025-02-03,4658300.216700001,low_vol_choppy,4
2025-02-04,4856322.1847,low_vol_choppy,4
2025-02-05,4846253.1967,low_vol_choppy,4
2025-02-06,4848580.7707,low_vol_choppy,4
2025-02-07,4835525.4907,low_vol_choppy,3
2025-02-10,4837781.2767,low_vol_choppy,3
2025-02-11,4959075.7687,low_vol_choppy,3
2025-02-12,4960394.7027,low_vol_choppy,3
2025-02-13,4965537.2027,low_vol_choppy,3
2025-02-14,4966952.4087000005,low_vol_choppy,2
2025-02-18,4966182.9987,low_vol_choppy,2
2025-02-19,4967239.9787,low_vol_choppy,2
2025-02-20,4965636.6087,low_vol_choppy,2
2025-02-21,4960820.3487,low_vol_choppy,1
2025-02-24,4959944.6687,low_vol_choppy,1
2025-02-25,4958675.8687,low_vol_choppy,1
2025-02-26,4959056.5087,low_vol_choppy,0
2025-02-27,4959056.5087,low_vol_choppy,0
2025-02-28,4959056.5087,low_vol_choppy,0
2025-03-03,4959056.5087,low_vol_choppy,0
2025-03-04,4959056.5087,low_vol_choppy,0
2025-03-05,4959056.5087,low_vol_choppy,0
2025-03-06,4959056.5087,low_vol_choppy,0
2025-03-07,4959056.5087,low_vol_choppy,0
2025-03-10,4959056.5087,low_vol_choppy,0
2025-03-11,4959056.5087,low_vol_choppy,0
2025-03-12,4959056.5087,low_vol_choppy,0
2025-03-13,4959056.5087,low_vol_choppy,0
2025-03-14,4959056.5087,low_vol_choppy,0
2025-03-17,4959056.5087,low_vol_choppy,0
2025-03-18,4959056.5087,low_vol_choppy,0
2025-03-19,4959056.5087,low_vol_choppy,0
2025-03-20,4959056.5087,low_vol_choppy,0
2025-03-21,4959056.5087,low_vol_choppy,0
2025-03-24,4959056.5087,low_vol_choppy,0
2025-03-25,4959056.5087,low_vol_choppy,0
2025-03-26,4959056.5087,low_vol_choppy,0
2025-03-27,4959056.5087,low_vol_choppy,0
2025-03-28,4959056.5087,low_vol_choppy,0
2025-03-31,4959056.5087,low_vol_choppy,0
2025-04-01,4959056.5087,low_vol_choppy,0
2025-04-02,4959056.5087,low_vol_choppy,0
2025-04-03,4959056.5087,low_vol_choppy,0
2025-04-04,4959056.5087,low_vol_choppy,0
2025-04-07,4959056.5087,low_vol_choppy,0
2025-04-08,4959056.5087,low_vol_choppy,0
2025-04-09,4959056.5087,low_vol_choppy,0
2025-04-10,4959056.5087,low_vol_choppy,0
2025-04-11,4959056.5087,low_vol_choppy,0
2025-04-14,4959056.5087,low_vol_trending_up,0
2025-04-15,4959056.5087,low_vol_trending_up,0
2025-04-16,4959056.5087,low_vol_trending_up,0
2025-04-17,4959056.5087,low_vol_trending_up,0
2025-04-21,4959056.5087,low_vol_trending_up,0
2025-04-22,4959056.5087,low_vol_trending_up,0
2025-04-23,4959056.5087,low_vol_trending_up,0
2025-04-24,4959056.5087,low_vol_trending_up,0
2025-04-25,4959056.5087,low_vol_trending_up,0
2025-04-28,4959056.5087,low_vol_trending_up,0
2025-04-29,4959056.5087,low_vol_trending_up,0
2025-04-30,4959056.5087,low_vol_trending_up,1
2025-05-01,5100289.3087,low_vol_trending_up,1
2025-05-02,5103569.4687,low_vol_trending_up,1
2025-05-05,5103864.9487000005,low_vol_trending_up,1
2025-05-06,5102915.4287,low_vol_trending_up,1
2025-05-07,5102928.7087,low_vol_trending_up,1
2025-05-08,5104528.9487000005,low_vol_trending_up,1
2025-05-09,5104714.8687,low_vol_choppy,1
2025-05-12,5108210.8287,low_vol_choppy,1
2025-05-13,5108170.988700001,low_vol_choppy,1
2025-05-14,5109432.5887,low_vol_trending_up,1
2025-05-15,5109495.6687,low_vol_trending_up,1
2025-05-16,5109874.1487,low_vol_trending_up,1
2025-05-19,5111401.3487,low_vol_trending_up,1
2025-05-20,5111168.9487000005,low_vol_trending_up,1
2025-05-21,5109309.7487,low_vol_trending_up,1
2025-05-22,5110070.0287,low_vol_trending_up,1
2025-05-23,5108516.2687,low_vol_trending_up,0
2025-05-27,5108516.2687,low_vol_trending_up,0
2025-05-28,5108516.2687,low_vol_trending_up,0
2025-05-29,5108516.2687,low_vol_trending_up,0
2025-05-30,5108516.2687,low_vol_trending_up,0
2025-06-02,5108516.2687,low_vol_trending_up,0
2025-06-03,5108516.2687,low_vol_trending_up,0
2025-06-04,5108516.2687,low_vol_trending_up,0
2025-06-05,5108516.2687,low_vol_trending_up,0
2025-06-06,5108516.2687,low_vol_trending_up,0
2025-06-09,5108516.2687,low_vol_choppy,0
2025-06-10,5108516.2687,low_vol_choppy,0
2025-06-11,5108516.2687,low_vol_choppy,0
2025-06-12,5108516.2687,low_vol_choppy,0
2025-06-13,5108516.2687,low_vol_choppy,0
2025-06-16,5108516.2687,low_vol_choppy,0
2025-06-17,5108516.2687,low_vol_choppy,0
2025-06-18,5108516.2687,low_vol_choppy,0
2025-06-20,5108516.2687,low_vol_choppy,0
2025-06-23,5108516.2687,low_vol_choppy,0
2025-06-24,5108516.2687,low_vol_choppy,0
2025-06-25,5108516.2687,low_vol_choppy,0
2025-06-26,5108516.2687,low_vol_choppy,0
2025-06-27,5108516.2687,low_vol_choppy,0
2025-06-30,5108516.2687,low_vol_choppy,0
2025-07-01,5108516.2687,low_vol_choppy,0
2025-07-02,5108516.2687,low_vol_choppy,1
2025-07-03,5247458.1207,low_vol_choppy,1
2025-07-07,5245116.1367,low_vol_choppy,1
2025-07-08,5245155.2567,low_vol_choppy,1
2025-07-09,5245890.7127,low_vol_choppy,1
2025-07-10,5246716.7967,low_vol_choppy,1
2025-07-11,5245903.7527,low_vol_choppy,1
2025-07-14,5244250.9327,low_vol_choppy,1
2025-07-15,5244569.7606999995,low_vol_choppy,1
2025-07-16,5245253.0567,low_vol_choppy,1
2025-07-17,5245161.7767,low_vol_choppy,1
2025-07-18,5245916.7927,low_vol_choppy,1
2025-07-21,5246761.7847,low_vol_choppy,1
2025-07-22,5248011.6687,low_vol_choppy,1
2025-07-23,5247848.6687,low_vol_choppy,1
2025-07-24,5247595.0407,low_vol_choppy,1
2025-07-25,5247673.2807,low_vol_choppy,0
2025-07-28,5247673.2807,low_vol_choppy,0
2025-07-29,5247673.2807,low_vol_choppy,0
2025-07-30,5247673.2807,low_vol_choppy,0
2025-07-31,5247673.2807,low_vol_choppy,1
2025-08-01,5562139.2807,low_vol_choppy,1
2025-08-04,5569057.2807,low_vol_choppy,1
2025-08-05,5564323.2807,low_vol_choppy,1
2025-08-06,5562637.2807,low_vol_choppy,1
2025-08-07,5560177.2807,low_vol_choppy,1
2025-08-08,5560897.2807,low_vol_choppy,1
2025-08-11,5560735.2807,low_vol_choppy,1
2025-08-12,5565217.2807,low_vol_choppy,1
2025-08-13,5560021.2807,low_vol_choppy,1
2025-08-14,5561161.2807,low_vol_choppy,1
2025-08-15,5559775.2807,low_vol_choppy,1
2025-08-18,5557933.2807,low_vol_choppy,1
2025-08-19,5553535.2807,low_vol_choppy,0
2025-08-20,5553535.2807,low_vol_choppy,0
2025-08-21,5553535.2807,low_vol_choppy,0
2025-08-22,5553535.2807,low_vol_choppy,0
2025-08-25,5553535.2807,low_vol_choppy,0
2025-08-26,5553535.2807,low_vol_choppy,0
2025-08-27,5553535.2807,low_vol_choppy,0
2025-08-28,5553535.2807,low_vol_choppy,0
2025-08-29,5553535.2807,low_vol_choppy,1
2025-09-02,5716908.8307,low_vol_choppy,1
2025-09-03,5731835.4607,low_vol_choppy,1
2025-09-04,5733103.1807,low_vol_choppy,1
2025-09-05,5735190.2807,low_vol_choppy,1
2025-09-08,5854082.6007,low_vol_choppy,2
2025-09-09,6018687.2807,low_vol_choppy,2
2025-09-10,6013082.7107,low_vol_choppy,3
2025-09-11,6349182.3177000005,low_vol_choppy,3
2025-09-12,6354075.1537,low_vol_choppy,4
2025-09-15,7045908.4617,low_vol_choppy,4
2025-09-16,7041231.9697,low_vol_choppy,4
2025-09-17,7041274.799699999,low_vol_choppy,4
2025-09-18,7038587.3407000005,low_vol_choppy,4
2025-09-19,7063758.3427,low_vol_choppy,4
2025-09-22,7070880.8427,low_vol_choppy,4
2025-09-23,7195346.6107,low_vol_choppy,3
2025-09-24,7193127.4847,low_vol_choppy,3
2025-09-25,7190769.3197,low_vol_choppy,3
2025-09-26,7196241.8237,low_vol_choppy,3
2025-09-29,7198569.1307,low_vol_choppy,2
2025-09-30,7203097.9937,low_vol_choppy,2
2025-10-01,7205861.5337000005,low_vol_choppy,2
2025-10-02,7201522.2197,low_vol_choppy,2
2025-10-03,7204124.812700001,low_vol_choppy,2
2025-10-06,7218221.539700001,low_vol_choppy,1
2025-10-07,7218109.306700001,low_vol_choppy,1
2025-10-08,7218956.6927000005,low_vol_choppy,1
2025-10-09,7216800.1007,low_vol_choppy,1
2025-10-10,7212094.906700001,low_vol_choppy,1
2025-10-13,7213377.262700001,low_vol_choppy,1
2025-10-14,7213436.332700001,low_vol_choppy,1
2025-10-15,7214278.8857,low_vol_choppy,0
2025-10-16,7214278.8857,low_vol_choppy,0
2025-10-17,7214278.8857,low_vol_choppy,0
2025-10-20,7214278.8857,low_vol_choppy,0
2025-10-21,7214278.8857,low_vol_choppy,0
2025-10-22,7214278.8857,low_vol_choppy,0
2025-10-23,7214278.8857,low_vol_choppy,0
2025-10-24,7214278.8857,low_vol_choppy,0
2025-10-27,7214278.8857,low_vol_choppy,0
2025-10-28,7214278.8857,low_vol_choppy,1
2025-10-29,7684344.285700001,low_vol_choppy,1
2025-10-30,7670638.5657,low_vol_choppy,1
2025-10-31,7663737.9657000005,low_vol_choppy,1
2025-11-03,8227817.695700001,low_vol_choppy,1
2025-11-04,8224871.995700001,low_vol_choppy,1
2025-11-05,8217049.525700001,low_vol_choppy,1
2025-11-06,8206074.0657,low_vol_choppy,1
2025-11-07,8205768.585700001,low_vol_choppy,1
2025-11-10,8215783.9657000005,low_vol_choppy,1
2025-11-11,8218707.8457,low_vol_choppy,1
2025-11-12,8221391.705700001,low_vol_choppy,1
2025-11-13,8212827.3557,low_vol_choppy,1
2025-11-14,8220344.3457,low_vol_choppy,1
2025-11-17,8217409.5557,low_vol_choppy,1
2025-11-18,8202462.8557,low_vol_choppy,1
2025-11-19,8195185.8857,low_vol_choppy,0
2025-11-20,8195185.8857,low_vol_choppy,0
2025-11-21,8195185.8857,low_vol_choppy,0
2025-11-24,8195185.8857,low_vol_choppy,0
2025-11-25,8195185.8857,low_vol_choppy,0
2025-11-26,8195185.8857,low_vol_choppy,0
2025-11-28,8195185.8857,low_vol_choppy,0
2025-12-01,8195185.8857,low_vol_choppy,0
2025-12-02,8195185.8857,low_vol_choppy,0
2025-12-03,8195185.8857,low_vol_choppy,0
2025-12-04,8195185.8857,low_vol_choppy,0
2025-12-05,8195185.8857,low_vol_choppy,0
2025-12-08,8195185.8857,low_vol_choppy,0
2025-12-09,8195185.8857,low_vol_choppy,0
2025-12-10,8195185.8857,low_vol_choppy,0
2025-12-11,8195185.8857,low_vol_choppy,0
2025-12-12,8195185.8857,low_vol_choppy,0
2025-12-15,8195185.8857,low_vol_choppy,0
2025-12-16,8195185.8857,low_vol_choppy,0
2025-12-17,8195185.8857,low_vol_choppy,0
2025-12-18,8195185.8857,low_vol_choppy,0
2025-12-19,8195185.8857,low_vol_choppy,0
2025-12-22,8195185.8857,low_vol_choppy,0
2025-12-23,8195185.8857,low_vol_choppy,0
2025-12-24,8195185.8857,low_vol_choppy,0
2025-12-26,8195185.8857,low_vol_choppy,0
2025-12-29,8195185.8857,low_vol_choppy,0
2025-12-30,8195185.8857,low_vol_choppy,0
2025-12-31,8195185.8857,low_vol_choppy,0
2026-01-02,8195185.8857,low_vol_choppy,0
2026-01-05,8195185.8857,low_vol_choppy,0
2026-01-06,8195185.8857,low_vol_choppy,0
2026-01-07,8195185.8857,low_vol_choppy,1
2026-01-08,8416846.8857,low_vol_choppy,1
2026-01-09,8417827.8857,low_vol_choppy,1
2026-01-12,8417008.8857,low_vol_choppy,1
2026-01-13,8413525.8857,low_vol_choppy,1
2026-01-14,8408170.8857,low_vol_choppy,1
2026-01-15,8409547.8857,low_vol_choppy,1
2026-01-16,8410393.8857,low_vol_choppy,1
2026-01-20,8403085.8857,low_vol_choppy,1
2026-01-21,8403364.8857,low_vol_choppy,1
2026-01-22,8406091.8857,low_vol_choppy,1
2026-01-23,8410429.8857,low_vol_choppy,1
2026-01-26,8409763.8857,low_vol_choppy,1
2026-01-27,8415397.8857,low_vol_choppy,1
2026-01-28,8413894.8857,low_vol_choppy,2
2026-01-29,8639896.8857,low_vol_choppy,2
2026-01-30,9077528.4857,low_vol_choppy,1
2026-02-02,9095376.8357,low_vol_choppy,2
2026-02-03,9219075.1157,low_vol_choppy,2
2026-02-04,9231860.0057,low_vol_choppy,2
2026-02-05,9224659.345700001,low_vol_choppy,2
2026-02-06,9230668.7057,low_vol_choppy,2
2026-02-09,9228511.5857,low_vol_choppy,2
2026-02-10,9226818.2957,low_vol_choppy,2
2026-02-11,9227206.4957,low_vol_choppy,2
2026-02-12,9203099.7557,low_vol_choppy,2
2026-02-13,9192856.945700001,low_vol_choppy,2
2026-02-17,9205235.0657,low_vol_choppy,2
2026-02-18,9206861.935700001,low_vol_choppy,2
2026-02-19,9200126.3657,low_vol_choppy,2
2026-02-20,9206533.675700001,low_vol_choppy,2
2026-02-23,9205379.3957,low_vol_choppy,1
2026-02-24,9206751.9857,low_vol_choppy,1
2026-02-25,9210266.7857,low_vol_choppy,0
2026-02-26,9210266.7857,low_vol_choppy,0
2026-02-27,9210266.7857,low_vol_choppy,0
2026-03-02,9210266.7857,low_vol_choppy,0
